-- =====================================================================
--  PustaRasa  ·  05_seed_data.sql
--  Data contoh — DIAMBIL PERSIS dari file SQL sumber Anda.
--
--  PENTING: file ini dijalankan SEBELUM 06_triggers.sql. Data historis
--  ini sudah konsisten secara internal (mis. status buku 'Dipinjam'
--  sudah sesuai dengan baris peminjaman). Trigger sengaja dipasang
--  SETELAH data masuk agar tidak ikut memvalidasi data lama; trigger
--  hanya menjaga operasi BARU dari aplikasi.
-- =====================================================================
USE pustarasa;

INSERT INTO Metode_pembayaran
(ID_mp, Jenis_mp, Instansi_mp)
VALUES
('MP0001', 'Cash', 'Perorangan'),
('MP0002', 'Credit', 'BCA'),
('MP0003', 'Debit', 'BCA'),
('MP0004', 'Transfer', 'BCA'),
('MP0005', 'Credit', 'Mandiri'),
('MP0006', 'Debit', 'Mandiri'),
('MP0007', 'Transfer', 'Mandiri'),
('MP0008', 'Credit', 'BNI'),
('MP0009', 'Debit', 'BNI'),
('MP0010', 'Transfer', 'BNI'),
('MP0011', 'Credit', 'BRI'),
('MP0012', 'Debit', 'BRI'),
('MP0013', 'Transfer', 'BRI'),
('MP0014', 'Credit', 'CIMB Niaga'),
('MP0015', 'Debit', 'CIMB Niaga'),
('MP0016', 'Transfer', 'CIMB Niaga'),
('MP0017', 'Credit', 'Permata Bank'),
('MP0018', 'Debit', 'Permata Bank'),
('MP0019', 'Transfer', 'Permata Bank'),
('MP0020', 'Credit', 'Danamon'),
('MP0021', 'Debit', 'Danamon'),
('MP0022', 'Transfer', 'Danamon'),
('MP0023', 'Credit', 'BTN'),
('MP0024', 'Debit', 'BTN'),
('MP0025', 'Transfer', 'BTN'),
('MP0026', 'Credit', 'Maybank'),
('MP0027', 'Debit', 'Maybank'),
('MP0028', 'Transfer', 'Maybank'),
('MP0029', 'Credit', 'Bank Mega'),
('MP0030', 'Debit', 'Bank Mega'),
('MP0031', 'Transfer', 'Bank Mega'),
('MP0032', 'QRIS', 'DANA'),
('MP0033', 'QRIS', 'GoPay'),
('MP0034', 'QRIS', 'OVO'),
('MP0035', 'QRIS', 'ShopeePay'),
('MP0036', 'QRIS', 'LinkAja'),
('MP0037', 'QRIS', 'BCA Mobile'),
('MP0038', 'QRIS', 'Livin Mandiri'),
('MP0039', 'QRIS', 'BRImo'),
('MP0040', 'QRIS', 'BNI Mobile Banking'),
('MP0041', 'E-Wallet', 'DANA'),
('MP0042', 'E-Wallet', 'GoPay'),
('MP0043', 'E-Wallet', 'OVO'),
('MP0044', 'E-Wallet', 'ShopeePay'),
('MP0045', 'E-Wallet', 'LinkAja'),
('MP0046', 'Virtual Account', 'BCA'),
('MP0047', 'Virtual Account', 'Mandiri'),
('MP0048', 'Virtual Account', 'BNI'),
('MP0049', 'Virtual Account', 'BRI'),
('MP0050', 'Virtual Account', 'CIMB Niaga');


INSERT INTO Penjual
(NIK_pj, Nama_pj, Tanggal_Lahir_pj, No_Telp_pj, Email_pj, Alamat_pj)
VALUES
('4567890123456789', 'Agung Pratama', '1996-01-01', '0812345678901', 'agung.pratama@email.com', 'Jl. Anggrek No. 7, Jakarta Selatan, DKI Jakarta'),
('4567890123456790', 'Bella Syafira', '1998-02-02', '0823456789012', 'bella.syafira@email.com', 'Jl. Mawar No. 14, Bandung, Jawa Barat'),
('4567890123456791', 'Cindy Paramitha', '1999-03-03', '0834567890123', 'cindy.paramitha@email.com', 'Jl. Melati No. 21, Malang, Jawa Timur'),
('4567890123456792', 'Dani Setiawan', '1994-04-04', '0813456789123', 'dani.setiawan@email.com', 'Jl. Cemara No. 8, Denpasar, Bali'),
('4567890123456793', 'Erina Kurniawati', '1997-05-05', '0821234567894', 'erina.kurniawati@email.com', 'Jl. Kenanga No. 16, Semarang, Jawa Tengah'),
('4567890123456794', 'Farah Wulandari', '2000-06-06', '0832345678945', 'farah.wulandari@email.com', 'Jl. Pahlawan No. 12, Surakarta, Jawa Tengah'),
('4567890123456795', 'Hendra Ramdani', '1991-07-07', '0812233445566', 'hendra.ramdani@email.com', 'Jl. Taman No. 19, Pontianak, Kalimantan Barat'),
('4567890123456796', 'Indah Lestari', '2002-08-08', '0823344556677', 'indah.lestari@email.com', 'Jl. Sukma No. 22, Palembang, Sumatera Selatan'),
('4567890123456797', 'Julia Safitri', '1995-09-09', '0834455667788', 'julia.safitri@email.com', 'Jl. Mawar No. 9, Yogyakarta, DI Yogyakarta'),
('4567890123456798', 'Kartika Widya', '1998-10-10', '0815566778899', 'kartika.widya@email.com', 'Jl. Anggrek No. 4, Makassar, Sulawesi Selatan');



INSERT INTO Makanan
(ID_mk, Nama_mk, Jenis_mk, Harga_mk, Status_Ketersediaan_mk, Penjual_NIK_pj)
VALUES
('MK0001', 'Nasi Goreng', 'Makanan', 25000, 'Ada', '4567890123456789'),
('MK0002', 'Sate Ayam', 'Makanan', 30000, 'Ada', '4567890123456790'),
('MK0003', 'Mie Goreng', 'Makanan', 20000, 'Ada', '4567890123456791'),
('MK0004', 'Es Teh Manis', 'Minuman', 5000, 'Ada', '4567890123456792'),
('MK0005', 'Bakwan', 'Jajanan', 7000, 'Ada', '4567890123456793'),
('MK0006', 'Es Jeruk', 'Minuman', 8000, 'Ada', '4567890123456794'),
('MK0007', 'Kopi Susu', 'Minuman', 15000, 'Ada', '4567890123456795'),
('MK0008', 'Jus Alpukat', 'Minuman', 18000, 'Ada', '4567890123456796'),
('MK0009', 'Teh Tarik', 'Minuman', 12000, 'Ada', '4567890123456797'),
('MK0010', 'Air Kelapa Muda', 'Minuman', 10000, 'Ada', '4567890123456798'),
('MK0011', 'Martabak Manis', 'Jajanan', 20000, 'Ada', '4567890123456789'),
('MK0012', 'Kerupuk Melarat', 'Jajanan', 3000, 'Ada', '4567890123456790'),
('MK0013', 'Risoles', 'Jajanan', 8000, 'Ada', '4567890123456791'),
('MK0014', 'Pisang Goreng', 'Jajanan', 6000, 'Ada', '4567890123456792'),
('MK0015', 'Onde-Onde', 'Jajanan', 4000, 'Ada', '4567890123456793'),
('MK0016', 'Semprong', 'Jajanan', 7000, 'Ada', '4567890123456794'),
('MK0017', 'Ayam Penyet', 'Makanan', 30000, 'Ada', '4567890123456795'),
('MK0018', 'Es Campur', 'Minuman', 12000, 'Ada', '4567890123456796'),
('MK0019', 'Bakso', 'Makanan', 25000, 'Ada', '4567890123456797'),
('MK0020', 'Gado-Gado', 'Makanan', 20000, 'Ada', '4567890123456798'),
('MK0021', 'Rendang', 'Makanan', 35000, 'Ada', '4567890123456789'),
('MK0022', 'Kopi Tubruk', 'Minuman', 10000, 'Ada', '4567890123456790'),
('MK0023', 'Teh Hijau', 'Minuman', 7000, 'Ada', '4567890123456791'),
('MK0024', 'Jus Jeruk Segar', 'Minuman', 12000, 'Ada', '4567890123456792'),
('MK0025', 'Gudeg', 'Makanan', 30000, 'Ada', '4567890123456793'),
('MK0026', 'Nasi Uduk', 'Makanan', 18000, 'Ada', '4567890123456794'),
('MK0027', 'Jus Mangga', 'Minuman', 14000, 'Ada', '4567890123456795'),
('MK0028', 'Es Kelapa Jeruk', 'Minuman', 10000, 'Ada', '4567890123456796'),
('MK0029', 'Batagor', 'Jajanan', 15000, 'Ada', '4567890123456797'),
('MK0030', 'Risoles Isi Daging', 'Jajanan', 8000, 'Ada', '4567890123456798'),
('MK0031', 'Es Kopi Susu', 'Minuman', 15000, 'Ada', '4567890123456789'),
('MK0032', 'Jus Tomat', 'Minuman', 10000, 'Ada', '4567890123456790'),
('MK0033', 'Es Cincau', 'Minuman', 8000, 'Ada', '4567890123456791'),
('MK0034', 'Jus Buah Naga', 'Minuman', 12000, 'Ada', '4567890123456792'),
('MK0035', 'Air Mineral', 'Minuman', 4000, 'Ada', '4567890123456793'),
('MK0036', 'Keripik Singkong', 'Jajanan', 5000, 'Ada', '4567890123456794');


INSERT INTO Pustakawan
(NIK_pt, Nama_pt, Jadwal_Shift_pt, Tanggal_Lahir_pt, No_Telp_pt, Email_pt, Alamat_pt)
VALUES
('5678901234567890', 'Adit Pratama', 'Pagi', '1996-01-01', '0813456789012', 'adit.pratama@email.com', 'Jl. Kenanga No. 12, Denpasar, Bali'),
('5678901234567891', 'Bima Santoso', 'Siang', '1991-02-02', '0821345678901', 'bima.santoso@email.com', 'Jl. Mawar No. 7, Bandung, Jawa Barat'),
('5678901234567892', 'Cahya Aditya', 'Sore', '1998-03-03', '0834567890123', 'cahya.aditya@email.com', 'Jl. Cemara No. 19, Yogyakarta, DI Yogyakarta'),
('5678901234567893', 'Dara Wulandari', 'Pagi', '2000-04-04', '0812233445567', 'dara.wulandari@email.com', 'Jl. Kenanga No. 3, Jakarta Pusat, Jakarta'),
('5678901234567894', 'Eva Kurniawati', 'Siang', '1999-05-05', '0822345678913', 'eva.kurniawati@email.com', 'Jl. Sukma No. 25, Malang, Jawa Timur'),
('5678901234567895', 'Ferry Andika', 'Sore', '1995-06-06', '0832345678923', 'ferry.andika@email.com', 'Jl. Taman No. 17, Pontianak, Kalimantan Barat'),
('5678901234567896', 'Gilang Prasetyo', 'Pagi', '1997-07-07', '0813344556678', 'gilang.prasetyo@email.com', 'Jl. Cemara No. 9, Surabaya, Jawa Timur'),
('5678901234567897', 'Hana Putri', 'Siang', '2003-08-08', '0824455667788', 'hana.putri@email.com', 'Jl. Melati No. 4, Bogor, Jawa Barat'),
('5678901234567898', 'Imam Syafiq', 'Sore', '1994-09-09', '0835566778899', 'imam.syafiq@email.com', 'Jl. Mawar No. 15, Makassar, Sulawesi Selatan'),
('5678901234567899', 'Juli Safira', 'Pagi', '1998-10-10', '0816677889900', 'juli.safira@email.com', 'Jl. Anggrek No. 8, Tangerang, Banten'),
('5678901234567900', 'Kiki Ramadhan', 'Siang', '1992-11-11', '0827788990011', 'kiki.ramadhan@email.com', 'Jl. Cemara No. 18, Semarang, Jawa Tengah'),
('5678901234567901', 'Lina Safitri', 'Sore', '2001-12-12', '0838899001122', 'lina.safitri@email.com', 'Jl. Taman No. 7, Samarinda, Kalimantan Timur'),
('5678901234567902', 'Muhammad Rizki', 'Pagi', '1990-01-13', '0819900112233', 'muhammad.rizki@email.com', 'Jl. Mawar No. 3, Palembang, Sumatera Selatan'),
('5678901234567903', 'Nadya Larasati', 'Siang', '1996-02-14', '0820011223344', 'nadya.larasati@email.com', 'Jl. Sukma No. 6, Batam, Kepulauan Riau'),
('5678901234567904', 'Oka Wijaya', 'Sore', '1993-03-15', '0831122334455', 'oka.wijaya@email.com', 'Jl. Pahlawan No. 12, Denpasar, Bali'),
('5678901234567905', 'Putra Kurnia', 'Pagi', '1999-04-16', '0812233445567', 'putra.kurnia@email.com', 'Jl. Cinta No. 10, Bandung, Jawa Barat'),
('5678901234567906', 'Rina Melati', 'Siang', '1998-05-17', '0823344556678', 'rina.melati@email.com', 'Jl. Merdeka No. 11, Surakarta, Jawa Tengah'),
('5678901234567907', 'Syafiq Ahmad', 'Sore', '1997-06-18', '0834455667788', 'syafiq.ahmad@email.com', 'Jl. Taman No. 5, Medan, Sumatera Utara'),
('5678901234567908', 'Tasya Ramadhani', 'Pagi', '2002-07-19', '0815566778899', 'tasya.ramadhani@email.com', 'Jl. Sejahtera No. 4, Makassar, Sulawesi Selatan'),
('5678901234567909', 'Usman Hakim', 'Siang', '1996-08-20', '0826677889900', 'usman.hakim@email.com', 'Jl. Mawar No. 15, Jakarta Utara, DKI Jakarta');



INSERT INTO Pengunjung
(NIK_k, Nama_k, No_Telp_k, Email_k, Alamat_k)
VALUES
('1234567890123456', 'Ahmad Zaki', '081234567890', 'ahmad.zaki@email.com', 'Jl. Merdeka No. 5, Jakarta Pusat, Indonesia'),
('1234567890123457', 'Budi Santoso', '082345678901', 'budi.santoso@email.com', 'Jl. Raya No. 10, Bandung, Jawa Barat'),
('1234567890123458', 'Chandra Wijaya', '081876543210', 'chandra.wijaya@email.com', 'Jl. Kembang No. 7, Yogyakarta, DI Yogyakarta'),
('1234567890123459', 'Diah Kartika', '082134567890', 'diah.kartika@email.com', 'Jl. Pahlawan No. 12, Surabaya, Jawa Timur'),
('1234567890123460', 'Eko Saputra', '083234567890', 'eko.saputra@email.com', 'Jl. Kenangan No. 2, Bali, Indonesia'),
('1234567890123461', 'Fadil Munandar', '081234567891', 'fadil.munandar@email.com', 'Jl. Sejahtera No. 4, Malang, Jawa Timur'),
('1234567890123462', 'Gita Rahmawati', '082345678902', 'gita.rahmawati@email.com', 'Jl. Lestari No. 15, Medan, Sumatera Utara'),
('1234567890123463', 'Hendro Wijaya', '081987654321', 'hendro.wijaya@email.com', 'Jl. Duta No. 3, Makassar, Sulawesi Selatan'),
('1234567890123464', 'Indah Puspita', '082198765432', 'indah.puspita@email.com', 'Jl. Bunga No. 8, Samarinda, Kalimantan Timur'),
('1234567890123465', 'Joko Suryanto', '083234567891', 'joko.suryanto@email.com', 'Jl. Raya No. 14, Pontianak, Kalimantan Barat'),
('1234567890123466', 'Karin Sitiati', '081398745612', 'karin.sitiati@email.com', 'Jl. Anggrek No. 9, Batam, Kepulauan Riau'),
('1234567890123467', 'Lani Rahmalia', '082234567894', 'lani.rahmalia@email.com', 'Jl. Maju No. 6, Palembang, Sumatera Selatan'),
('1234567890123468', 'Mario Putra', '081243678923', 'mario.putra@email.com', 'Jl. Jaya No. 11, Surakarta, Jawa Tengah'),
('1234567890123469', 'Nisa Pramudita', '082323456789', 'nisa.pramudita@email.com', 'Jl. Sari No. 13, Cirebon, Jawa Barat'),
('1234567890123470', 'Oki Ramadhan', '081234576899', 'oki.ramadhan@email.com', 'Jl. Alam No. 17, Bogor, Jawa Barat'),
('1234567890123471', 'Prita Larasati', '082345678913', 'pritalarasati@email.com', 'Jl. Salvia No. 22, Bandung, Jawa Barat'),
('1234567890123472', 'Qiana Sabila', '081234567924', 'qiana.sabila@email.com', 'Jl. Taman No. 25, Yogyakarta, DI Yogyakarta'),
('1234567890123473', 'Rudi Haryanto', '082345678920', 'rudi.haryanto@email.com', 'Jl. Pemuda No. 18, Bali, Indonesia'),
('1234567890123474', 'Siska Amalia', '081234567931', 'siska.amalia@email.com', 'Jl. Sejahtera No. 20, Surabaya, Jawa Timur'),
('1234567890123475', 'Tegar Kurniawan', '082198765432', 'tegar.kurniawan@email.com', 'Jl. Merdeka No. 23, Semarang, Jawa Tengah'),
('1234567890123476', 'Uli Maharani', '081345678932', 'uli.maharani@email.com', 'Jl. Taman No. 3, Makassar, Sulawesi Selatan'),
('1234567890123477', 'Vicky Anggara', '083234567891', 'vicky.anggara@email.com', 'Jl. Anggrek No. 1, Pontianak, Kalimantan Barat'),
('1234567890123478', 'Wulan Pertiwi', '081987654320', 'wulan.pertiwi@email.com', 'Jl. Cendrawasih No. 5, Surakarta, Jawa Tengah'),
('1234567890123479', 'Xander Leo', '082345678923', 'xander.leo@email.com', 'Jl. Cinta No. 14, Jakarta Barat, Jakarta'),
('1234567890123480', 'Yulianto Kusuma', '081234567933', 'yulianto.kusuma@email.com', 'Jl. Pandan No. 25, Cirebon, Jawa Barat'),
('1234567890123481', 'Zahra Mustika', '082234567892', 'zahra.mustika@email.com', 'Jl. Pahlawan No. 5, Bekasi, Jawa Barat'),
('2345678901234567', 'Alice Suryani', '081234567891', 'alice.suryani@email.com', 'Jl. Raya Barat No. 10, Jakarta Selatan, DKI Jakarta'),
('2345678901234568', 'Benni Anwar', '082345678912', 'benni.anwar@email.com', 'Jl. Kranji No. 5, Bekasi, Jawa Barat'),
('2345678901234569', 'Citra Dewi', '083234567893', 'citra.dewi@email.com', 'Jl. Cempaka No. 3, Surabaya, Jawa Timur'),
('2345678901234570', 'Danang Setiawan', '081234567894', 'danang.setiawan@email.com', 'Jl. Raya No. 7, Semarang, Jawa Tengah'),
('2345678901234571', 'Elina Vira', '082345678914', 'elina.vira@email.com', 'Jl. Permata No. 8, Medan, Sumatera Utara'),
('2345678901234572', 'Fajar Prabowo', '083456789015', 'fajar.prabowo@email.com', 'Jl. Satria No. 9, Makassar, Sulawesi Selatan'),
('2345678901234573', 'Gina Larasati', '081234567915', 'gina.larasati@email.com', 'Jl. Sukma No. 2, Yogyakarta, DI Yogyakarta'),
('2345678901234574', 'Hendra Pranata', '082345678915', 'hendra.pranata@email.com', 'Jl. Jati No. 4, Pontianak, Kalimantan Barat'),
('2345678901234575', 'Ika Anggraini', '081234567916', 'ika.anggraini@email.com', 'Jl. Melati No. 6, Cirebon, Jawa Barat'),
('2345678901234576', 'Jefri Gunawan', '083234567916', 'jefri.gunawan@email.com', 'Jl. Persada No. 10, Surakarta, Jawa Tengah'),
('2345678901234577', 'Kartika Sari', '082345678916', 'kartika.sari@email.com', 'Jl. Tegal No. 11, Palembang, Sumatera Selatan'),
('2345678901234578', 'Lina Paramitha', '081234567917', 'lina.paramitha@email.com', 'Jl. Sumber No. 3, Batam, Kepulauan Riau'),
('2345678901234579', 'Mario Andre', '082345678917', 'mario.andre@email.com', 'Jl. Pandawa No. 7, Bandung, Jawa Barat'),
('2345678901234580', 'Nadia Lestari', '083234567917', 'nadia.lestari@email.com', 'Jl. Kenanga No. 5, Bali, Indonesia'),
('2345678901234581', 'Omar Guntara', '081234567918', 'omar.guntara@email.com', 'Jl. Pahlawan No. 8, Surabaya, Jawa Timur'),
('2345678901234582', 'Putri Ayu', '082345678918', 'putri.ayu@email.com', 'Jl. Puspa No. 9, Semarang, Jawa Tengah'),
('2345678901234583', 'Qory Wicaksono', '083234567918', 'qory.wicaksono@email.com', 'Jl. Fajar No. 10, Makassar, Sulawesi Selatan'),
('2345678901234584', 'Rina Purwati', '081234567919', 'rina.purwati@email.com', 'Jl. Suka No. 6, Malang, Jawa Timur'),
('2345678901234585', 'Sandy Arifianto', '082345678919', 'sandy.arifianto@email.com', 'Jl. Rimba No. 5, Pontianak, Kalimantan Barat'),
('2345678901234586', 'Trisna Dewi', '083234567919', 'trisna.dewi@email.com', 'Jl. Raya No. 12, Surakarta, Jawa Tengah'),
('2345678901234587', 'Umar Shobri', '081234567920', 'umar.shobri@email.com', 'Jl. Sudirman No. 3, Jakarta Pusat, DKI Jakarta'),
('2345678901234588', 'Vera Yuliana', '082345678920', 'vera.yuliana@email.com', 'Jl. Padma No. 15, Tangerang, Banten'),
('2345678901234589', 'Wira Darmawan', '083234567920', 'wira.darmawan@email.com', 'Jl. Anggrek No. 12, Denpasar, Bali'),
('2345678901234590', 'Xenia Anggraini', '081234567921', 'xenia.anggraini@email.com', 'Jl. Mawar No. 18, Bandung, Jawa Barat'),
('3456789012345678', 'Adrian Prasetyo', '081234567922', 'adrian.prasetyo@email.com', 'Jl. Raya Timur No. 5, Jakarta Utara, DKI Jakarta'),
('3456789012345679', 'Bella Sari', '082345678921', 'bella.sari@email.com', 'Jl. Merdeka No. 4, Bandung, Jawa Barat'),
('3456789012345680', 'Charlie Setiawan', '083234567921', 'charlie.setiawan@email.com', 'Jl. Pahlawan No. 2, Malang, Jawa Timur'),
('3456789012345681', 'Dina Larasati', '081234567923', 'dina.larasati@email.com', 'Jl. Merpati No. 7, Surabaya, Jawa Timur'),
('3456789012345682', 'Evan Prabowo', '082345678922', 'evan.prabowo@email.com', 'Jl. Puspa No. 3, Makassar, Sulawesi Selatan'),
('3456789012345683', 'Farah Amalia', '083234567922', 'farah.amalia@email.com', 'Jl. Taman No. 9, Pontianak, Kalimantan Barat'),
('3456789012345684', 'Gilang Wijaya', '081234567924', 'gilang.wijaya@email.com', 'Jl. Pemuda No. 5, Yogyakarta, DI Yogyakarta'),
('3456789012345685', 'Hannah Cahyani', '082345678923', 'hannah.cahyani@email.com', 'Jl. Raya Barat No. 6, Semarang, Jawa Tengah'),
('3456789012345686', 'Irfan Muhammad', '083234567923', 'irfan.muhammad@email.com', 'Jl. Kenanga No. 8, Surakarta, Jawa Tengah'),
('3456789012345687', 'Jessica Wulandari', '081234567925', 'jessica.wulandari@email.com', 'Jl. Raya No. 1, Batam, Kepulauan Riau'),
('3456789012345688', 'Krisna Darmawan', '082345678924', 'krisna.darmawan@email.com', 'Jl. Cempaka No. 4, Cirebon, Jawa Barat'),
('3456789012345689', 'Leila Rahmawati', '083234567924', 'leila.rahmawati@email.com', 'Jl. Garuda No. 3, Malang, Jawa Timur'),
('3456789012345690', 'Michael Prabowo', '081234567926', 'michael.prabowo@email.com', 'Jl. Pahlawan No. 10, Palembang, Sumatera Selatan'),
('3456789012345691', 'Nina Santoso', '082345678925', 'nina.santoso@email.com', 'Jl. Sejahtera No. 2, Denpasar, Bali'),
('3456789012345692', 'Oscar Santoso', '083234567925', 'oscar.santoso@email.com', 'Jl. Sumber Alam No. 3, Jakarta Timur, DKI Jakarta'),
('3456789012345693', 'Putri Widiastuti', '081234567927', 'putri.widiastuti@email.com', 'Jl. Riau No. 6, Bekasi, Jawa Barat'),
('3456789012345694', 'Qilla Andriani', '082345678926', 'qilla.andriani@email.com', 'Jl. Nusa Indah No. 7, Batam, Kepulauan Riau'),
('3456789012345695', 'Ricky Saputra', '083234567926', 'ricky.saputra@email.com', 'Jl. Panglima No. 5, Semarang, Jawa Tengah'),
('3456789012345696', 'Sandra Maria', '081234567928', 'sandra.maria@email.com', 'Jl. Raya No. 12, Tangerang, Banten'),
('3456789012345697', 'Tommy Indra', '082345678927', 'tommy.indra@email.com', 'Jl. Sejahtera No. 9, Yogyakarta, DI Yogyakarta'),
('3456789012345698', 'Ulya Puspita', '083234567927', 'ulya.puspita@email.com', 'Jl. Merdeka No. 14, Surabaya, Jawa Timur'),
('3456789012345699', 'Vino Nugroho', '081234567929', 'vino.nugroho@email.com', 'Jl. Anggrek No. 11, Bandung, Jawa Barat'),
('3456789012345700', 'Wahyu Setiawan', '082345678928', 'wahyu.setiawan@email.com', 'Jl. Merpati No. 6, Surakarta, Jawa Tengah'),
('3456789012345701', 'Xandra Kurniawan', '083234567928', 'xandra.kurniawan@email.com', 'Jl. Padma No. 8, Batam, Kepulauan Riau'),
('3456789012345702', 'Yulia Mawarni', '081234567930', 'yulia.mawarni@email.com', 'Jl. Raya Barat No. 4, Denpasar, Bali'),
('3456789012345703', 'Zainal Abidin', '082345678929', 'zainal.abidin@email.com', 'Jl. Pahlawan No. 9, Surabaya, Jawa Timur'),
('4567890123456789', 'Aditya Kurniawan', '081345678901', 'aditya.kurniawan@email.com', 'Jl. Melati No. 3, Bandung, Jawa Barat'),
('4567890123456790', 'Berliana Sari', '082345678902', 'berliana.sari@email.com', 'Jl. Mawar No. 5, Surabaya, Jawa Timur'),
('4567890123456791', 'Citra Ananda', '083456789013', 'citra.ananda@email.com', 'Jl. Anggrek No. 7, Malang, Jawa Timur'),
('4567890123456792', 'Dimas Prasetyo', '081345678904', 'dimas.prasetyo@email.com', 'Jl. Sakura No. 10, Yogyakarta, DI Yogyakarta'),
('4567890123456793', 'Erlina Wijaya', '082345678905', 'erlina.wijaya@email.com', 'Jl. Pahlawan No. 11, Jakarta Pusat, DKI Jakarta'),
('4567890123456794', 'Farhan Maulana', '081345678906', 'farhan.maulana@email.com', 'Jl. Pelangi No. 8, Medan, Sumatera Utara'),
('4567890123456795', 'Gita Puspita', '082345678907', 'gita.puspita@email.com', 'Jl. Surya No. 15, Semarang, Jawa Tengah'),
('4567890123456796', 'Hendra Wijaya', '081345678908', 'hendra.wijaya@email.com', 'Jl. Kemuning No. 3, Makassar, Sulawesi Selatan'),
('4567890123456797', 'Indah Pratiwi', '083456789019', 'indah.pratiwi@email.com', 'Jl. Cendrawasih No. 5, Pontianak, Kalimantan Barat'),
('4567890123456798', 'Joko Suyatno', '081345678910', 'joko.suyatno@email.com', 'Jl. Pandan No. 20, Palembang, Sumatera Selatan'),
('4567890123456799', 'Karin Sasmita', '082345678911', 'karin.sasmita@email.com', 'Jl. Seruni No. 13, Surabaya, Jawa Timur'),
('4567890123456800', 'Lutfi Pramana', '083456789012', 'lutfi.pramana@email.com', 'Jl. Kenangan No. 9, Jakarta Timur, DKI Jakarta'),
('4567890123456801', 'Mia Cahyani', '081345678914', 'mia.cahyani@email.com', 'Jl. Anggrek No. 11, Bandung, Jawa Barat'),
('4567890123456802', 'Nova Santoso', '082345678915', 'nova.santoso@email.com', 'Jl. Tanjung No. 7, Denpasar, Bali'),
('4567890123456803', 'Olivia Maharani', '083456789014', 'olivia.maharani@email.com', 'Jl. Dahlia No. 12, Semarang, Jawa Tengah'),
('4567890123456804', 'Puspita Sari', '081345678915', 'puspita.sari@email.com', 'Jl. Kemang No. 8, Malang, Jawa Timur'),
('4567890123456805', 'Qory Andini', '082345678916', 'qory.andini@email.com', 'Jl. Angkasa No. 3, Pontianak, Kalimantan Barat'),
('4567890123456806', 'Rizky Nugroho', '083456789017', 'rizky.nugroho@email.com', 'Jl. Pelangi No. 9, Medan, Sumatera Utara'),
('4567890123456807', 'Satria Wijaya', '081345678918', 'satria.wijaya@email.com', 'Jl. Sakura No. 5, Surabaya, Jawa Timur'),
('4567890123456808', 'Tania Pramesti', '082345678919', 'tania.pramesti@email.com', 'Jl. Sari No. 2, Jakarta Barat, DKI Jakarta'),
('4567890123456809', 'Umar Faruq', '083456789020', 'umar.faruq@email.com', 'Jl. Sejahtera No. 10, Bandung, Jawa Barat'),
('4567890123456810', 'Vina Rahayu', '081345678920', 'vina.rahayu@email.com', 'Jl. Jaya No. 14, Malang, Jawa Timur'),
('4567890123456811', 'Wahyu Candra', '082345678922', 'wahyu.candra@email.com', 'Jl. Pahlawan No. 7, Surabaya, Jawa Timur'),
('4567890123456812', 'Xander Pratama', '083456789023', 'xander.pratama@email.com', 'Jl. Pelangi No. 12, Jakarta Selatan, DKI Jakarta'),
('4567890123456813', 'Yuni Kusuma', '081345678924', 'yuni.kusuma@email.com', 'Jl. Mawar No. 11, Semarang, Jawa Tengah'),
('4567890123456814', 'Zainul Fikri', '082345678925', 'zainul.fikri@email.com', 'Jl. Angkasa No. 7, Medan, Sumatera Utara'),
('4567890123456815', 'Ayu Larasati', '083456789026', 'ayu.larasati@email.com', 'Jl. Jaya No. 8, Pontianak, Kalimantan Barat'),
('4567890123456816', 'Beni Santoso', '081345678926', 'beni.santoso@email.com', 'Jl. Karya No. 2, Yogyakarta, DI Yogyakarta'),
('4567890123456817', 'Cindy Pratiwi', '082345678928', 'cindy.pratiwi@email.com', 'Jl. Pahlawan No. 15, Denpasar, Bali'),
('4567890123456818', 'Dimas Kurnia', '083456789029', 'dimas.kurnia@email.com', 'Jl. Pandan No. 16, Palembang, Sumatera Selatan'),
('7890123456789012', 'Alvin Rahman', '081234567890', 'alvin.rahman@email.com', 'Jl. Merdeka No. 10, Jakarta Pusat, DKI Jakarta'),
('7890123456789013', 'Betty Susanti', '082345678901', 'betty.susanti@email.com', 'Jl. Raya Barat No. 5, Bandung, Jawa Barat'),
('7890123456789014', 'Charlie Gunawan', '083456789012', 'charlie.gunawan@email.com', 'Jl. Anggrek No. 7, Yogyakarta, DI Yogyakarta'),
('7890123456789015', 'Dina Wijayanti', '081234567892', 'dina.wijayanti@email.com', 'Jl. Cempaka No. 3, Malang, Jawa Timur'),
('7890123456789016', 'Edwin Kurniawan', '082345678903', 'edwin.kurniawan@email.com', 'Jl. Raya Timur No. 15, Surabaya, Jawa Timur'),
('7890123456789017', 'Fiona Lestari', '083456789014', 'fiona.lestari@email.com', 'Jl. Sejahtera No. 22, Palembang, Sumatera Selatan'),
('7890123456789018', 'Gito Suryanto', '081234567893', 'gito.suryanto@email.com', 'Jl. Kenangan No. 9, Pontianak, Kalimantan Barat'),
('7890123456789019', 'Hera Kusuma', '082345678904', 'hera.kusuma@email.com', 'Jl. Jaya No. 6, Makassar, Sulawesi Selatan'),
('7890123456789020', 'Indra Prabowo', '083456789015', 'indra.prabowo@email.com', 'Jl. Pandawa No. 5, Denpasar, Bali'),
('7890123456789021', 'Jasmine Rahmatan', '081234567894', 'jasmine.rahmatan@email.com', 'Jl. Bunga Raya No. 8, Semarang, Jawa Tengah'),
('7890123456789022', 'Krisna Setiawan', '082345678905', 'krisna.setiawan@email.com', 'Jl. Sumber Alam No. 14, Bekasi, Jawa Barat'),
('7890123456789023', 'Lina Pratiwi', '083456789016', 'lina.pratiwi@email.com', 'Jl. Cempaka No. 17, Malang, Jawa Timur'),
('7890123456789024', 'Mario Wijaya', '081234567895', 'mario.wijaya@email.com', 'Jl. Raya Barat No. 11, Surabaya, Jawa Timur'),
('7890123456789025', 'Nadia Utami', '082345678906', 'nadia.utami@email.com', 'Jl. Sejahtera No. 19, Jakarta Barat, DKI Jakarta'),
('7890123456789026', 'Oscar Gunawan', '083456789017', 'oscar.gunawan@email.com', 'Jl. Anggrek No. 4, Yogyakarta, DI Yogyakarta'),
('7890123456789027', 'Petra Hartanto', '081234567896', 'petra.hartanto@email.com', 'Jl. Melati No. 21, Palembang, Sumatera Selatan'),
('7890123456789028', 'Qiana Lestari', '082345678907', 'qiana.lestari@email.com', 'Jl. Pahlawan No. 4, Pontianak, Kalimantan Barat'),
('7890123456789029', 'Rina Amalia', '083456789018', 'rina.amalia@email.com', 'Jl. Merdeka No. 2, Medan, Sumatera Utara'),
('7890123456789030', 'Satria Nugroho', '081234567897', 'satria.nugroho@email.com', 'Jl. Sukma No. 6, Yogyakarta, DI Yogyakarta'),
('7890123456789031', 'Tina Suryani', '082345678908', 'tina.suryani@email.com', 'Jl. Merpati No. 3, Malang, Jawa Timur'),
('7890123456789032', 'Umar Hadi', '083456789019', 'umar.hadi@email.com', 'Jl. Kencana No. 11, Surabaya, Jawa Timur'),
('7890123456789033', 'Vina Anggraini', '081234567898', 'vina.anggraini@email.com', 'Jl. Sumber Alam No. 13, Pontianak, Kalimantan Barat'),
('7890123456789034', 'Wawan Yulianto', '082345678909', 'wawan.yulianto@email.com', 'Jl. Anggrek No. 14, Makassar, Sulawesi Selatan'),
('7890123456789035', 'Xandra Utami', '083456789020', 'xandra.utami@email.com', 'Jl. Sari No. 2, Cirebon, Jawa Barat'),
('7890123456789036', 'Yusuf Ramadhan', '081234567899', 'yusuf.ramadhan@email.com', 'Jl. Pahlawan No. 6, Bandung, Jawa Barat'),
('7890123456789037', 'Zahra Lestari', '082345678910', 'zahra.lestari@email.com', 'Jl. Taman No. 12, Semarang, Jawa Tengah'),
('7890123456789038', 'Alya Mutiara', '083456789021', 'alya.mutiara@email.com', 'Jl. Kenangan No. 15, Surabaya, Jawa Timur'),
('7890123456789039', 'Benita Sari', '082345678911', 'benita.sari@email.com', 'Jl. Sejahtera No. 10, Denpasar, Bali'),
('7890123456789040', 'Candra Wijaya', '081234567908', 'candra.wijaya@email.com', 'Jl. Bunga No. 5, Malang, Jawa Timur'),
('7890123456789041', 'Devita Hermina', '083456789022', 'devita.hermina@email.com', 'Jl. Raya Barat No. 7, Jakarta Barat, DKI Jakarta'),
('7890123456789042', 'Elang Wijaya', '082345678912', 'elang.wijaya@email.com', 'Jl. Merdeka No. 4, Surabaya, Jawa Timur'),
('7890123456789043', 'Fikri Sulaiman', '081234567907', 'fikri.sulaiman@email.com', 'Jl. Pahlawan No. 12, Medan, Sumatera Utara'),
('7890123456789044', 'Galuh Permatasari', '082345678913', 'galuh.permatasari@email.com', 'Jl. Kenangan No. 16, Makassar, Sulawesi Selatan'),
('7890123456789045', 'Hendra Bagus', '083456789023', 'hendra.bagus@email.com', 'Jl. Angkasa No. 8, Cirebon, Jawa Barat'),
('7890123456789046', 'Ika Saputri', '081234567899', 'ika.saputri@email.com', 'Jl. Cempaka No. 18, Bali, Indonesia'),
('7890123456789047', 'Jefri Kurniawan', '082345678914', 'jefri.kurniawan@email.com', 'Jl. Jaya No. 9, Bandung, Jawa Barat'),
('7890123456789048', 'Kristina Dewi', '083456789024', 'kristina.dewi@email.com', 'Jl. Raya No. 2, Yogyakarta, DI Yogyakarta'),
('7890123456789049', 'Laura Rahmatan', '081234567900', 'laura.rahmatan@email.com', 'Jl. Melati No. 3, Makassar, Sulawesi Selatan'),
('7890123456789050', 'Made Oka', '082345678915', 'made.oka@email.com', 'Jl. Sumber Alam No. 9, Denpasar, Bali'),
('7890123456789051', 'Nico Pratama', '083456789025', 'nico.pratama@email.com', 'Jl. Raya Barat No. 10, Palembang, Sumatera Selatan'),
('7890123456789052', 'Olinita Maheswari', '081234567901', 'olinitamaheswari@email.com', 'Jl. Angkasa No. 13, Surabaya, Jawa Timur'),
('7890123456789053', 'Purwanto Agung', '082345678916', 'purwanto.agung@email.com', 'Jl. Merdeka No. 11, Pontianak, Kalimantan Barat'),
('7890123456789054', 'Qisthina Yuliana', '083456789026', 'qisthina.yuliana@email.com', 'Jl. Kenanga No. 7, Bekasi, Jawa Barat'),
('7890123456789055', 'Rizka Pramudita', '081234567902', 'rizka.pramudita@email.com', 'Jl. Raya Barat No. 6, Makassar, Sulawesi Selatan'),
('7890123456789056', 'Sita Anjani', '082345678917', 'sita.anjani@email.com', 'Jl. Kembang No. 12, Yogyakarta, DI Yogyakarta');



INSERT INTO Buku
(ID_b, Judul_b, Penulis_b, Sinopsis_b, Tahun_Terbit_b, Jenis_b, Kualitas_b, Keterangan_b)
VALUES
('B00001', 'Laskar Pelangi', 'Andrea Hirata', 'Sebuah cerita tentang persahabatan, pendidikan, dan impian di Belitung.', 2005, 'Fiksi - Novel', 'Bagus', 'Dipinjam'),
('B00002', 'Hujan', 'Tere Liye', 'Kisah cinta yang penuh dengan kenangan dan pertemuan kembali di masa lalu.', 2016, 'Fiksi - Novel', 'Bagus', 'Tidak Dipinjam'),
('B00003', 'Ayat-Ayat Cinta', 'Habiburrahman El Shirazy', 'Kisah cinta yang mendalam antara Cinta dan yang dicintainya.', 2004, 'Fiksi - Romansa', 'Bagus', 'Tidak Dipinjam'),
('B00004', 'Bumi Manusia', 'Pramoedya Ananta Toer', 'Kisah kehidupan seorang pribumi yang berjuang untuk kebebasan di masa penjajahan.', 1980, 'Fiksi - Sejarah', 'Rusak', 'Tidak Dipinjam'),
('B00005', 'The Hunger Games', 'Suzanne Collins', 'Sebuah pertandingan bertahan hidup di dunia distopia yang kejam.', 2008, 'Fiksi - Fantasi', 'Rusak', 'Tidak Dipinjam'),
('B00006', 'Harry Potter and the Sorcerer''s Stone', 'J.K. Rowling', 'Kisah seorang anak yang menemukan dunia sihir di Hogwarts.', 1997, 'Fiksi - Fantasi', 'Bagus', 'Tidak Dipinjam'),
('B00007', '1984', 'George Orwell', 'Sebuah novel distopia tentang pengawasan totalitarian oleh pemerintah.', 1949, 'Fiksi - Fiksi Ilmiah', 'Bagus', 'Tidak Dipinjam'),
('B00008', 'Pride and Prejudice', 'Jane Austen', 'Kisah romansa yang berkembang antara Elizabeth Bennet dan Mr. Darcy.', 1813, 'Fiksi - Romansa', 'Halaman hilang', 'Tidak Dipinjam'),
('B00009', 'The Great Gatsby', 'F. Scott Fitzgerald', 'Kisah cinta tragis dan ambisi di tengah kehidupan glamour di New York.', 1925, 'Fiksi - Drama', 'Terdapat Coretan', 'Tidak Dipinjam'),
('B00010', 'The Diary of a Young Girl', 'Anne Frank', 'Buku harian yang ditulis Anne Frank, seorang gadis Yahudi selama Perang Dunia II.', 1947, 'Non-Fiksi - Sejarah', 'Rusak', 'Tidak Dipinjam'),
('B00011', 'Seperti Dendam, Rindu Harus Dibayar Tuntas', 'Eka Kurniawan', 'Novel ini menggambarkan kisah cinta yang penuh dengan perjuangan dan penyesalan.', 2014, 'Fiksi - Novel', 'Bagus', 'Dipinjam'),
('B00012', 'Kumpulan Cinta', 'Almira M. Setiawan', 'Kumpulan cerita pendek tentang cinta dan kehidupan.', 2020, 'Fiksi - Romansa', 'Bagus', 'Tidak Dipinjam'),
('B00013', 'Negeri 5 Menara', 'A. Fuadi', 'Kisah seorang pemuda yang berjuang untuk mencapai cita-cita di pesantren.', 2009, 'Fiksi - Pendidikan', 'Bagus', 'Tidak Dipinjam'),
('B00014', 'The Unbearable Lightness of Being', 'Milan Kundera', 'Novel tentang kehidupan, kebebasan, dan pengorbanan di tengah konflik sejarah.', 1984, 'Fiksi - Drama', 'Rusak', 'Tidak Dipinjam'),
('B00015', 'Simfoni Sempurna', 'Felix Siauw', 'Cinta dan harapan antara dua insan yang berbeda dunia namun saling mengisi.', 2020, 'Fiksi - Romansa', 'Bagus', 'Dipinjam'),
('B00016', 'Sejarah Indonesia', 'Marwati Djoened Poesponegoro', 'Sejarah Indonesia dari masa prasejarah hingga modernisasi Indonesia.', 2020, 'Non-Fiksi - Sejarah', 'Bagus', 'Tidak Dipinjam'),
('B00017', 'Harry Potter and the Chamber of Secrets', 'J.K. Rowling', 'Petualangan Harry Potter dalam mengungkap misteri yang ada di dalam Chamber of Secrets.', 1998, 'Fiksi - Fantasi', 'Bagus', 'Tidak Dipinjam'),
('B00018', 'Time Traveler''s Wife', 'Audrey Niffenegger', 'Cinta yang terjalin meski terhalang oleh perjalanan waktu.', 2003, 'Fiksi - Romansa', 'Rusak', 'Tidak Dipinjam'),
('B00019', 'Dear John', 'Nicholas Sparks', 'Romansa tentang cinta yang terpisah karena perang.', 2006, 'Fiksi - Romansa', 'Bagus', 'Tidak Dipinjam'),
('B00020', 'The Fault in Our Stars', 'John Green', 'Perjalanan cinta dua remaja yang saling mencintai meski berjuang melawan kanker.', 2012, 'Fiksi - Romansa', 'Rusak', 'Tidak Dipinjam'),
('B00021', 'Alchemist', 'Paulo Coelho', 'Cerita tentang seorang pengembara yang mengejar mimpinya menuju harta karun.', 1988, 'Fiksi - Inspirasi', 'Bagus', 'Tidak Dipinjam'),
('B00022', 'The Catcher in the Rye', 'J.D. Salinger', 'Seorang remaja yang berjuang dengan rasa kehilangan dan identitas dirinya.', 1951, 'Fiksi - Drama', 'Halaman hilang', 'Tidak Dipinjam'),
('B00023', 'Angels and Demons', 'Dan Brown', 'Investigasi misteri yang melibatkan ilmu pengetahuan dan agama.', 2000, 'Fiksi - Thriller', 'Bagus', 'Dipinjam'),
('B00024', 'Digital Fortress', 'Dan Brown', 'Sebuah cerita tentang ancaman keamanan digital dan konspirasi di baliknya.', 1998, 'Fiksi - Thriller', 'Rusak', 'Tidak Dipinjam'),
('B00025', 'The Girl on the Train', 'Paula Hawkins', 'Seorang wanita yang terjebak dalam misteri hilangnya seorang perempuan yang ia lihat setiap hari di kereta.', 2015, 'Fiksi - Thriller', 'Rusak', 'Tidak Dipinjam'),
('B00026', 'The Road', 'Cormac McCarthy', 'Perjalanan seorang ayah dan anak di dunia pasca-apokaliptik.', 2006, 'Fiksi - Drama', 'Bagus', 'Dipinjam'),
('B00027', 'The Kite Runner', 'Khaled Hosseini', 'Kisah persahabatan dan pengkhianatan yang berlatar belakang sejarah Afghanistan.', 2003, 'Fiksi - Drama', 'Bagus', 'Tidak Dipinjam'),
('B00028', 'Brida', 'Paulo Coelho', 'Cerita tentang seorang gadis yang mencari jati dirinya dalam dunia spiritual.', 1990, 'Fiksi - Fantasi', 'Terdapat Coretan', 'Tidak Dipinjam'),
('B00029', 'The Night Circus', 'Erin Morgenstern', 'Seorang sirkus yang misterius dan fantastik dengan elemen sihir di dalamnya.', 2011, 'Fiksi - Fantasi', 'Bagus', 'Tidak Dipinjam'),
('B00030', 'Long Walk to Freedom', 'Nelson Mandela', 'Autobiografi dari Nelson Mandela yang menceritakan perjuangannya melawan apartheid di Afrika Selatan.', 1994, 'Non-Fiksi - Biografi', 'Rusak', 'Tidak Dipinjam'),
('B00031', 'Di Tepi Laut', 'Andrea Hirata', 'Perjalanan hidup seseorang yang diwarnai oleh kisah cinta dan impian di desa kecil.', 2020, 'Fiksi - Novel', 'Bagus', 'Tidak Dipinjam'),
('B00032', 'Sang Pemimpi', 'Andrea Hirata', 'Melanjutkan kisah dalam Laskar Pelangi, menceritakan tentang impian dan perjuangan.', 2006, 'Fiksi - Novel', 'Bagus', 'Tidak Dipinjam'),
('B00033', '5 cm', 'Donny Dhirgantoro', 'Petualangan lima sahabat yang menaklukkan puncak Gunung Semeru untuk menemukan makna kehidupan.', 2005, 'Fiksi - Petualangan', 'Bagus', 'Tidak Dipinjam'),
('B00034', 'The Chronicles of Narnia', 'C.S. Lewis', 'Kisah petualangan di dunia fantasi yang penuh dengan makhluk ajaib dan pertempuran besar antara kebaikan dan kejahatan.', 1950, 'Fiksi - Fantasi', 'Rusak', 'Tidak Dipinjam'),
('B00035', 'Matilda', 'Roald Dahl', 'Matilda adalah seorang gadis cerdas yang menghadapi tantangan dengan penuh keberanian dan kecerdasan.', 1988, 'Fiksi - Anak', 'Bagus', 'Tidak Dipinjam'),
('B00036', 'The Hobbit', 'J.R.R. Tolkien', 'Perjalanan seorang hobbit, Bilbo Baggins, dalam pencarian harta karun yang tersembunyi.', 1937, 'Fiksi - Fantasi', 'Rusak', 'Tidak Dipinjam'),
('B00037', 'Lord of the Rings', 'J.R.R. Tolkien', 'Petualangan epik untuk menghancurkan cincin yang memiliki kekuatan besar di dunia fantasi Middle-earth.', 1954, 'Fiksi - Fantasi', 'Bagus', 'Tidak Dipinjam'),
('B00038', 'Catch-22', 'Joseph Heller', 'Sebuah cerita satir tentang perang dan kontradiksi dalam situasi yang penuh absurditas.', 1961, 'Fiksi - Satire', 'Rusak', 'Tidak Dipinjam'),
('B00039', 'Shantaram', 'Gregory David Roberts', 'Seorang buronan dari Australia yang melarikan diri ke India dan menjadi bagian dari dunia bawah tanah Mumbai.', 2003, 'Fiksi - Petualangan', 'Bagus', 'Tidak Dipinjam'),
('B00040', 'One Hundred Years of Solitude', 'Gabriel García Márquez', 'Kisah tentang keluarga Buendía yang terjebak dalam sejarah penuh misteri dan takdir yang berulang.', 1967, 'Fiksi - Magis Realisme', 'Rusak', 'Tidak Dipinjam'),
('B00041', 'To Kill a Mockingbird', 'Harper Lee', 'Sejarah perjuangan melawan rasisme dan ketidakadilan melalui pandangan seorang gadis kecil di Alabama.', 1960, 'Fiksi - Drama', 'Bagus', 'Tidak Dipinjam'),
('B00042', 'Wuthering Heights', 'Emily Brontë', 'Kisah tentang cinta yang penuh dengan kebencian dan balas dendam di pedesaan Inggris.', 1847, 'Fiksi - Romansa', 'Halaman hilang', 'Tidak Dipinjam'),
('B00043', 'Fahrenheit 451', 'Ray Bradbury', 'Cerita tentang sebuah dunia dimana buku dibakar dan pemikirannya dianggap kejahatan.', 1953, 'Fiksi - Dystopia', 'Rusak', 'Tidak Dipinjam'),
('B00044', 'Frankenstein', 'Mary Shelley', 'Cerita horor klasik tentang ilmuwan yang menciptakan monster yang mengerikan.', 1818, 'Fiksi - Horor', 'Terdapat Coretan', 'Tidak Dipinjam'),
('B00045', 'The Alchemist', 'Paulo Coelho', 'Kisah seorang penggembala muda yang mencari harta karun dan menemukan makna hidup.', 1988, 'Fiksi - Filosofi', 'Bagus', 'Tidak Dipinjam'),
('B00046', 'Beloved', 'Toni Morrison', 'Seorang ibu yang berjuang melawan masa lalunya dan berusaha merawat anak-anaknya pasca perbudakan.', 1987, 'Fiksi - Sejarah', 'Bagus', 'Tidak Dipinjam'),
('B00047', 'Brave New World', 'Aldous Huxley', 'Visi masa depan di mana dunia dikendalikan oleh teknologi dan rekayasa sosial.', 1932, 'Fiksi - Dystopia', 'Rusak', 'Tidak Dipinjam'),
('B00048', 'Crime and Punishment', 'Fyodor Dostoevsky', 'Cerita tentang seorang pemuda yang berusaha menghadapi rasa bersalah setelah melakukan pembunuhan.', 1866, 'Fiksi - Klasik', 'Bagus', 'Tidak Dipinjam'),
('B00049', 'Anna Karenina', 'Leo Tolstoy', 'Drama tentang seorang wanita yang jatuh cinta di luar pernikahannya dan menghadapi akibatnya.', 1878, 'Fiksi - Romansa', 'Bagus', 'Tidak Dipinjam'),
('B00050', 'Wicked', 'Gregory Maguire', 'Kisah tentang sisi lain dari penyihir jahat di negeri Oz yang penuh dengan intrik dan perjuangan.', 1995, 'Fiksi - Fantasi', 'Rusak', 'Tidak Dipinjam'),
('B00051', 'Charlotte''s Web', 'E.B. White', 'Kisah persahabatan antara seekor babi bernama Wilbur dan seekor laba-laba bernama Charlotte.', 1952, 'Fiksi - Anak', 'Bagus', 'Tidak Dipinjam'),
('B00052', 'Dracula', 'Bram Stoker', 'Kisah tentang Count Dracula yang berusaha menguasai dunia melalui kekuatan supranaturalnya.', 1897, 'Fiksi - Horor', 'Bagus', 'Dipinjam'),
('B00053', 'Great Expectations', 'Charles Dickens', 'Perjalanan seorang anak yatim piatu bernama Pip yang bermimpi menjadi orang besar dalam hidupnya.', 1861, 'Fiksi - Klasik', 'Rusak', 'Tidak Dipinjam'),
('B00054', 'The Picture of Dorian Gray', 'Oscar Wilde', 'Kisah seorang pria muda yang menjaga gambar dirinya tetap muda sementara dirinya sendiri menua dan rusak.', 1890, 'Fiksi - Filosofi', 'Bagus', 'Tidak Dipinjam'),
('B00055', 'The Outsiders', 'S.E. Hinton', 'Cerita tentang kehidupan dua kelompok remaja dengan latar belakang sosial yang berbeda di Amerika Serikat.', 1967, 'Fiksi - Remaja', 'Halaman hilang', 'Tidak Dipinjam'),
('B00056', 'Les Misérables', 'Victor Hugo', 'Seorang mantan narapidana yang berjuang untuk mendapatkan pengampunan di tengah revolusi Prancis.', 1862, 'Fiksi - Sejarah', 'Rusak', 'Tidak Dipinjam'),
('B00057', 'The Godfather', 'Mario Puzo', 'Keputusan-keputusan dalam keluarga mafia yang terlibat dalam kejahatan, kekuasaan, dan loyalitas.', 1969, 'Fiksi - Kriminal', 'Rusak', 'Tidak Dipinjam'),
('B00058', 'One Flew Over the Cuckoo''s Nest', 'Kenneth Kesey', 'Cerita tentang kehidupan di rumah sakit jiwa dan pergulatan seorang pria dengan sistem yang opresif.', 1962, 'Fiksi - Psikologi', 'Bagus', 'Tidak Dipinjam'),
('B00059', 'Ulysses', 'James Joyce', 'Sebuah perjalanan simbolik dari kehidupan sehari-hari di Dublin yang penuh dengan referensi sastra dan filosofis.', 1922, 'Fiksi - Klasik', 'Terdapat Coretan', 'Tidak Dipinjam'),
('B00060', 'Moby-Dick', 'Herman Melville', 'Cerita tentang pencarian obsesif seorang kapten kapal terhadap paus putih yang legendaris.', 1851, 'Fiksi - Petualangan', 'Halaman hilang', 'Tidak Dipinjam'),
('B00061', 'The Shining', 'Stephen King', 'Horror tentang sebuah keluarga yang terperangkap di sebuah hotel terpencil yang penuh dengan kekuatan jahat.', 1977, 'Fiksi - Horor', 'Rusak', 'Tidak Dipinjam'),
('B00062', 'Don Quixote', 'Miguel de Cervantes', 'Cerita tentang seorang pria yang terobsesi dengan kisah-kisah ksatria dan pergi berpetualang dengan pembantunya.', 1605, 'Fiksi - Klasik', 'Rusak', 'Tidak Dipinjam'),
('B00063', 'The Brothers Karamazov', 'Fyodor Dostoevsky', 'Cerita tentang tiga saudara yang terlibat dalam konflik moral dan filsafat dalam kehidupan mereka.', 1880, 'Fiksi - Filosofi', 'Halaman hilang', 'Tidak Dipinjam'),
('B00064', 'Heart of Darkness', 'Joseph Conrad', 'Seorang pria menceritakan pengalamannya mengarungi hutan belantara Afrika dan kebobrokan kolonialisme.', 1899, 'Fiksi - Petualangan', 'Rusak', 'Tidak Dipinjam'),
('B00065', 'The Secret Garden', 'Frances Hodgson Burnett', 'Kisah seorang gadis yang menemukan taman tersembunyi yang mengubah hidupnya dan orang-orang di sekitarnya.', 1911, 'Fiksi - Anak-Anak', 'Bagus', 'Tidak Dipinjam'),
('B00066', 'Atlas Shrugged', 'Ayn Rand', 'Cerita tentang tokoh-tokoh dalam masyarakat kapitalis yang mencoba menemukan arti kehidupan dan kebebasan individu.', 1957, 'Fiksi - Filosofi', 'Bagus', 'Tidak Dipinjam'),
('B00067', 'All the Light We Cannot See', 'Anthony Doerr', 'Kisah dua karakter yang berbeda selama Perang Dunia II, dengan latar belakang yang sangat berbeda tetapi dengan hubungan tak terduga.', 2014, 'Fiksi - Sejarah', 'Bagus', 'Tidak Dipinjam'),
('B00068', 'Lord of the Flies', 'William Golding', 'Sejumlah anak-anak terdampar di sebuah pulau dan berjuang untuk bertahan hidup, namun peradaban mereka mulai hancur.', 1954, 'Fiksi - Petualangan', 'Bagus', 'Tidak Dipinjam'),
('B00069', 'Slaughterhouse-Five', 'Kurt Vonnegut', 'Seorang tentara yang terjebak dalam waktu, menghadapi pertempuran Perang Dunia II dan perjalanan luar angkasa yang aneh.', 1969, 'Fiksi - Perang', 'Rusak', 'Tidak Dipinjam'),
('B00070', 'The Handmaid''s Tale', 'Margaret Atwood', 'Cerita tentang dunia masa depan di mana wanita diperlakukan sebagai properti negara dan berjuang untuk kebebasan mereka.', 1985, 'Fiksi - Dystopia', 'Bagus', 'Tidak Dipinjam'),
('B00071', 'Jane Eyre', 'Charlotte Brontë', 'Cerita tentang kehidupan dan perjuangan Jane Eyre yang menjadi seorang wanita kuat meskipun menghadapi banyak rintangan.', 1847, 'Fiksi - Romansa', 'Bagus', 'Dipinjam'),
('B00072', 'The Bell Jar', 'Sylvia Plath', 'Cerita tentang seorang wanita muda yang berjuang melawan depresi dan tantangan mental yang dihadapinya.', 1963, 'Fiksi - Psikologi', 'Halaman hilang', 'Tidak Dipinjam'),
('B00073', 'War and Peace', 'Leo Tolstoy', 'Epik tentang kehidupan para aristokrat Rusia selama masa Napoleon, dengan perjuangan cinta, perang, dan takdir.', 1869, 'Fiksi - Sejarah', 'Halaman hilang', 'Tidak Dipinjam'),
('B00074', 'The Old Man and the Sea', 'Ernest Hemingway', 'Seorang nelayan tua berjuang untuk menangkap ikan marlin raksasa yang akan membuktikan kemampuannya sebagai seorang pelaut.', 1952, 'Fiksi - Petualangan', 'Bagus', 'Dipinjam'),
('B00075', 'Animal Farm', 'George Orwell', 'Seekor babi yang dipimpin oleh sekelompok hewan mencoba mengubah sistem politik di peternakan mereka, namun akhirnya jatuh ke dalam tirani.', 1945, 'Fiksi - Satir', 'Bagus', 'Tidak Dipinjam'),
('B00076', 'Emma', 'Jane Austen', 'Seorang wanita muda yang penuh semangat mencoba untuk mengatur hubungan orang lain, namun berakhir dengan jatuh cinta pada orang yang tidak diduga.', 1815, 'Fiksi - Romansa', 'Halaman hilang', 'Tidak Dipinjam'),
('B00077', 'Life of Pi', 'Yann Martel', 'Pi Patel bertahan hidup selama berbulan-bulan di lautan dengan seekor harimau Bengal di atas perahu kecil.', 2001, 'Fiksi - Petualangan', 'Bagus', 'Tidak Dipinjam'),
('B00078', 'The Da Vinci Code', 'Dan Brown', 'Robert Langdon terlibat dalam investigasi penuh teka-teki yang mengungkap rahasia kuno Gereja Katolik.', 2003, 'Fiksi - Misteri', 'Bagus', 'Dipinjam'),
('B00079', 'The Secret', 'Rhonda Byrne', 'Petunjuk praktis untuk mewujudkan impian melalui pemikiran positif dan hukum tarik-menarik.', 2006, 'Non-Fiksi - Motivasi', 'Rusak', 'Tidak Dipinjam'),
('B00080', 'Twilight', 'Stephenie Meyer', 'Cinta terlarang antara Bella Swan, seorang manusia, dan Edward Cullen, seorang vampir.', 2005, 'Fiksi - Romansa', 'Bagus', 'Tidak Dipinjam'),
('B00081', 'The Maze Runner', 'James Dashner', 'Sekelompok remaja berusaha melarikan diri dari labirin misterius yang penuh jebakan mematikan.', 2009, 'Fiksi - Dystopia', 'Rusak', 'Tidak Dipinjam'),
('B00082', 'Gone Girl', 'Gillian Flynn', 'Seorang wanita hilang secara misterius, dan suaminya menjadi tersangka utama.', 2012, 'Fiksi - Misteri', 'Halaman hilang', 'Tidak Dipinjam'),
('B00083', 'The Shack', 'William P. Young', 'Seorang pria menerima undangan misterius ke sebuah pondok, di mana ia menemukan pengalaman spiritual yang mendalam.', 2007, 'Fiksi - Spiritualitas', 'Bagus', 'Tidak Dipinjam'),
('B00084', 'Atomic Habits', 'James Clear', 'Panduan praktis untuk mengubah kebiasaan kecil menjadi hasil besar dalam hidup.', 2018, 'Non-Fiksi - Pengembangan Diri', 'Bagus', 'Dipinjam'),
('B00085', 'Sapiens', 'Yuval Noah Harari', 'Sebuah eksplorasi tentang sejarah umat manusia dari masa prasejarah hingga era modern.', 2011, 'Non-Fiksi - Sejarah', 'Rusak', 'Tidak Dipinjam'),
('B00086', 'The Subtle Art of Not Giving a F*ck', 'Mark Manson', 'Perspektif realistis tentang kebahagiaan dan penerimaan keterbatasan dalam hidup.', 2016, 'Non-Fiksi - Motivasi', 'Bagus', 'Tidak Dipinjam'),
('B00087', 'Think and Grow Rich', 'Napoleon Hill', 'Panduan klasik tentang prinsip-prinsip untuk mencapai kesuksesan finansial dan pribadi.', 1937, 'Non-Fiksi - Bisnis', 'Bagus', 'Dipinjam'),
('B00088', 'The Power of Now', 'Eckhart Tolle', 'Buku panduan untuk hidup dengan penuh kesadaran dan damai di saat ini.', 1997, 'Non-Fiksi - Spiritualitas', 'Rusak', 'Tidak Dipinjam'),
('B00089', 'Educated', 'Tara Westover', 'Kisah seorang wanita yang melarikan diri dari keluarga radikal untuk mendapatkan pendidikan formal.', 2018, 'Non-Fiksi - Memoar', 'Bagus', 'Tidak Dipinjam'),
('B00090', 'Becoming', 'Michelle Obama', 'Memoar inspiratif dari mantan Ibu Negara Amerika Serikat, Michelle Obama.', 2018, 'Non-Fiksi - Memoar', 'Halaman hilang', 'Tidak Dipinjam'),
('B00091', 'The Giver', 'Lois Lowry', 'Jonas, seorang remaja, menemukan kebenaran mengejutkan tentang masyarakatnya yang tampak sempurna.', 1993, 'Fiksi - Dystopia', 'Halaman hilang', 'Tidak Dipinjam'),
('B00092', 'The Book Thief', 'Markus Zusak', 'Kisah seorang gadis muda di era Nazi Jerman yang mencuri buku untuk melarikan diri dari kenyataan hidupnya.', 2005, 'Fiksi - Sejarah', 'Bagus', 'Tidak Dipinjam'),
('B00093', 'Little Women', 'Louisa May Alcott', 'Empat saudara perempuan belajar tentang cinta, kehilangan, dan impian mereka saat tumbuh dewasa.', 1868, 'Fiksi - Klasik', 'Bagus', 'Tidak Dipinjam'),
('B00094', 'Moby Dick', 'Herman Melville', 'Kapten Ahab memimpin kru kapal untuk memburu ikan paus putih legendaris, Moby Dick.', 1851, 'Fiksi - Petualangan', 'Rusak', 'Tidak Dipinjam'),
('B00095', 'A Tale of Two Cities', 'Charles Dickens', 'Kisah cinta dan pengorbanan selama Revolusi Prancis di London dan Paris.', 1859, 'Fiksi - Sejarah', 'Bagus', 'Dipinjam'),
('B00096', 'The Odyssey', 'Homer', 'Perjalanan epik Odysseus untuk kembali ke rumah setelah Perang Troya.', -800, 'Fiksi - Epik', 'Bagus', 'Tidak Dipinjam'),
('B00097', 'The Iliad', 'Homer', 'Kisah Perang Troya dan pahlawan seperti Achilles serta Hector.', -750, 'Fiksi - Epik', 'Bagus', 'Tidak Dipinjam'),
('B00098', 'The Scarlet Letter', 'Nathaniel Hawthorne', 'Kisah seorang wanita yang dihukum karena perzinahan di komunitas Puritan abad ke-17.', 1850, 'Fiksi - Klasik', 'Bagus', 'Tidak Dipinjam'),
('B00099', 'The Jungle Book', 'Rudyard Kipling', 'Kisah Mowgli, anak manusia yang dibesarkan oleh serigala di hutan India.', 1894, 'Fiksi - Petualangan', 'Rusak', 'Tidak Dipinjam'),
('B00100', 'Of Mice and Men', 'John Steinbeck', 'Persahabatan dua pekerja migran dan perjuangan mereka untuk mencapai impian sederhana.', 1937, 'Fiksi - Sosial', 'Bagus', 'Dipinjam'),
('B00101', 'The Count of Monte Cristo', 'Alexandre Dumas', 'Seorang pria muda merencanakan balas dendam setelah dipenjara secara tidak adil.', 1844, 'Fiksi - Petualangan', 'Halaman hilang', 'Tidak Dipinjam'),
('B00102', 'Alice''s Adventures in Wonderland', 'Lewis Carroll', 'Alice jatuh ke lubang kelinci dan menemukan dunia yang penuh keajaiban dan makhluk aneh.', 1865, 'Fiksi - Fantasi', 'Bagus', 'Dipinjam'),
('B00103', 'Treasure Island', 'Robert Louis Stevenson', 'Seorang pemuda memulai petualangan mencari harta karun dengan sekelompok bajak laut.', 1883, 'Fiksi - Petualangan', 'Bagus', 'Dipinjam'),
('B00104', 'Man''s Search for Meaning', 'Viktor E. Frankl', 'Pengalaman seorang tahanan kamp konsentrasi dan filsafat logoterapi.', 1946, 'Non-Fiksi - Psikologi', 'Bagus', 'Dipinjam'),
('B00105', 'The Midnight Library', 'Matt Haig', 'Kisah seorang wanita yang menemukan kesempatan untuk menghidupkan kembali berbagai kemungkinan hidupnya.', 2020, 'Fiksi - Filosofi', 'Bagus', 'Tidak Dipinjam'),
('B00106', 'Ikigai', 'Héctor García dan Francesc Miralles', 'Panduan untuk menemukan tujuan hidup dengan cara Jepang.', 2016, 'Non-Fiksi - Motivasi', 'Bagus', 'Dipinjam'),
('B00107', 'Rich Dad Poor Dad', 'Robert T. Kiyosaki', 'Buku tentang prinsip keuangan dan kebebasan finansial.', 1997, 'Non-Fiksi - Keuangan', 'Bagus', 'Tidak Dipinjam'),
('B00108', 'The Seven Habits of Highly Effective People', 'Stephen R. Covey', 'Buku panduan tentang kebiasaan efektif untuk kesuksesan pribadi dan profesional.', 1989, 'Non-Fiksi - Pengembangan Diri', 'Bagus', 'Dipinjam'),
('B00109', 'The Art of War', 'Sun Tzu', 'Panduan klasik tentang strategi perang dan manajemen konflik.', -500, 'Non-Fiksi - Strategi', 'Bagus', 'Tidak Dipinjam'),
('B00110', 'The Prophet', 'Kahlil Gibran', 'Pesan-pesan penuh kebijaksanaan tentang kehidupan dan kemanusiaan.', 1923, 'Fiksi - Filosofi', 'Bagus', 'Tidak Dipinjam'),
('B00111', 'Norwegian Wood', 'Haruki Murakami', 'Kisah cinta, kehilangan, dan pencarian identitas diri di Tokyo.', 1987, 'Fiksi - Romansa', 'Bagus', 'Dipinjam'),
('B00112', 'The Four Agreements', 'Don Miguel Ruiz', 'Empat prinsip sederhana untuk hidup damai dan bermakna.', 1997, 'Non-Fiksi - Spiritualitas', 'Bagus', 'Tidak Dipinjam'),
('B00113', 'The Light We Lost', 'Jill Santopolo', 'Kisah cinta yang terjalin dan diuji oleh waktu serta takdir.', 2017, 'Fiksi - Romansa', 'Bagus', 'Dipinjam'),
('B00114', 'Perahu Kertas', 'Dewi Lestari', 'Kisah cinta dua pemuda yang dipenuhi dengan mimpi dan perjuangan.', 2009, 'Fiksi - Romansa', 'Bagus', 'Dipinjam'),
('B00115', 'Ronggeng Dukuh Paruk', 'Ahmad Tohari', 'Perjalanan seorang penari ronggeng dalam kehidupan pedesaan Jawa yang penuh konflik.', 1982, 'Fiksi - Sejarah', 'Bagus', 'Dipinjam'),
('B00116', 'Pulang', 'Leila S. Chudori', 'Perjalanan hidup seorang eksil politik Indonesia yang tinggal di Paris.', 2012, 'Fiksi - Novel', 'Bagus', 'Tidak Dipinjam'),
('B00117', 'Habibie dan Ainun', 'Bacharuddin Jusuf Habibie', 'Kisah cinta dan perjalanan hidup Habibie bersama Ainun.', 2010, 'Non-Fiksi - Biografi', 'Bagus', 'Tidak Dipinjam'),
('B00118', 'Dilan: Dia adalah Dilanku Tahun 1990', 'Pidi Baiq', 'Kisah cinta remaja penuh kenangan manis di Bandung.', 2014, 'Fiksi - Remaja', 'Bagus', 'Dipinjam'),
('B00119', 'Supernova: Ksatria, Puteri, dan Bintang Jatuh', 'Dewi Lestari', 'Perpaduan antara cinta, sains, dan spiritualitas yang penuh filosofi.', 2001, 'Fiksi - Novel', 'Bagus', 'Tidak Dipinjam'),
('B00120', 'Madilog', 'Tan Malaka', 'Esai tentang materialisme, dialektika, dan logika dalam konteks perjuangan Indonesia.', 1943, 'Non-Fiksi - Filosofi', 'Bagus', 'Tidak Dipinjam'),
('B00121', 'Bulan', 'Tere Liye', 'Kelanjutan kisah petualangan Raib, Seli, dan Ali di dunia paralel.', 2015, 'Fiksi - Fantasi', 'Bagus', 'Tidak Dipinjam'),
('B00122', 'Laut Bercerita', 'Leila S. Chudori', 'Kisah para aktivis yang hilang di masa Orde Baru Indonesia.', 2017, 'Fiksi - Sejarah', 'Bagus', 'Dipinjam'),
('B00123', 'Filosofi Kopi', 'Dewi Lestari', 'Kisah-kisah tentang kehidupan yang dikemas dengan filosofi secangkir kopi.', 2006, 'Fiksi - Kumpulan Cerita Pendek', 'Bagus', 'Tidak Dipinjam'),
('B00124', 'Sebuah Seni untuk Bersikap Bodo Amat', 'Mark Manson', 'Panduan untuk fokus pada hal-hal yang benar-benar penting dalam hidup.', 2018, 'Non-Fiksi - Motivasi', 'Bagus', 'Tidak Dipinjam'),
('B00125', 'Padang Bulan', 'Andrea Hirata', 'Kisah penuh humor dan inspirasi tentang cinta dan kehidupan.', 2010, 'Fiksi - Novel', 'Bagus', 'Tidak Dipinjam'),
('B00126', 'Sang Penandai', 'Tere Liye', 'Petualangan seorang pemuda dalam mencari arti cinta sejati.', 2006, 'Fiksi - Inspirasi', 'Bagus', 'Tidak Dipinjam'),
('B00127', 'Babad Tanah Jawi', 'Anonim', 'Kisah-kisah tradisional tentang sejarah Jawa dari perspektif legenda dan mitologi.', 2020, 'Non-Fiksi - Sejarah', 'Bagus', 'Tidak Dipinjam'),
('B00128', 'Bumi', 'Tere Liye', 'Petualangan Raib, Seli, dan Ali yang penuh misteri di dunia paralel.', 2014, 'Fiksi - Fantasi', 'Bagus', 'Dipinjam'),
('B00129', 'Negeri Di Ujung Tanduk', 'Tere Liye', 'Kisah penuh intrik politik dan petualangan seorang pengacara idealis.', 2013, 'Fiksi - Thriller', 'Bagus', 'Tidak Dipinjam'),
('B00130', 'Supernova: Partikel', 'Dewi Lestari', 'Petualangan dalam menemukan makna eksistensi dan spiritualitas.', 2012, 'Fiksi - Novel', 'Bagus', 'Dipinjam'),
('B00131', 'Thinking, Fast and Slow', 'Daniel Kahneman', 'Panduan memahami bagaimana pikiran manusia bekerja dalam pengambilan keputusan.', 2011, 'Non-Fiksi - Psikologi', 'Bagus', 'Dipinjam'),
('B00132', 'The Happiness Project', 'Gretchen Rubin', 'Kisah pencarian kebahagiaan melalui perubahan kebiasaan sehari-hari.', 2009, 'Non-Fiksi - Motivasi', 'Bagus', 'Tidak Dipinjam'),
('B00133', 'The Silent Patient', 'Alex Michaelides', 'Kisah misteri tentang seorang pelukis yang berhenti bicara setelah insiden tragis.', 2019, 'Fiksi - Thriller', 'Bagus', 'Dipinjam'),
('B00134', 'The Paris Library', 'Janet Skeslien Charles', 'Petualangan pustakawan di masa pendudukan Nazi di Paris.', 2021, 'Fiksi - Sejarah', 'Bagus', 'Dipinjam'),
('B00135', 'Where the Crawdads Sing', 'Delia Owens', 'Kisah tentang seorang gadis yang tumbuh sendiri di rawa dan tersangkut kasus pembunuhan.', 2018, 'Fiksi - Drama', 'Bagus', 'Tidak Dipinjam'),
('B00136', 'The Goldfinch', 'Donna Tartt', 'Kisah seorang anak yang hidupnya berubah setelah sebuah tragedi dan pencurian karya seni.', 2013, 'Fiksi - Drama', 'Bagus', 'Tidak Dipinjam'),
('B00137', 'Educated', 'Tara Westover', 'Kisah seorang wanita muda yang melarikan diri dari keluarga radikal untuk mendapatkan pendidikan formal.', 2018, 'Non-Fiksi - Memoar', 'Bagus', 'Dipinjam'),
('B00138', 'Before We Were Strangers', 'Renée Carlino', 'Kisah cinta yang bersemi kembali setelah 15 tahun terpisah.', 2015, 'Fiksi - Romansa', 'Bagus', 'Tidak Dipinjam'),
('B00139', 'The Night Watchman', 'Louise Erdrich', 'Kisah inspiratif tentang perjuangan penduduk asli Amerika dalam mempertahankan hak-haknya.', 2020, 'Fiksi - Sejarah', 'Bagus', 'Dipinjam'),
('B00140', 'The Woman in the Window', 'A.J. Finn', 'Seorang wanita yang mengintip tetangganya dan menjadi saksi sesuatu yang tak seharusnya ia lihat.', 2018, 'Fiksi - Thriller', 'Bagus', 'Dipinjam'),
('B00141', 'Pachinko', 'Min Jin Lee', 'Kisah epik tentang keluarga Korea di Jepang yang bertahan dari diskriminasi dan kesulitan.', 2017, 'Fiksi - Sejarah', 'Bagus', 'Dipinjam'),
('B00142', 'Atomic Habits', 'James Clear', 'Panduan praktis untuk mengubah kebiasaan kecil menjadi hasil besar dalam hidup.', 2018, 'Non-Fiksi - Pengembangan Diri', 'Bagus', 'Tidak Dipinjam'),
('B00143', 'The House of the Spirits', 'Isabel Allende', 'Sebuah kisah epik tentang cinta, politik, dan keluarga yang penuh dengan unsur magis.', 1982, 'Fiksi - Magis Realisme', 'Bagus', 'Tidak Dipinjam'),
('B00144', 'All the Light We Cannot See', 'Anthony Doerr', 'Kisah dua individu yang berbeda selama Perang Dunia II, dihubungkan oleh sebuah radio tua.', 2014, 'Fiksi - Sejarah', 'Bagus', 'Tidak Dipinjam'),
('B00145', 'The 5 AM Club', 'Robin Sharma', 'Strategi bangun pagi untuk produktivitas dan kesuksesan hidup.', 2018, 'Non-Fiksi - Motivasi', 'Bagus', 'Dipinjam'),
('B00146', 'Girl, Wash Your Face', 'Rachel Hollis', 'Buku inspiratif yang menantang pembaca untuk menghentikan kebohongan yang membatasi diri.', 2018, 'Non-Fiksi - Motivasi', 'Bagus', 'Dipinjam'),
('B00147', 'Circe', 'Madeline Miller', 'Petualangan mitologi Circe, penyihir dalam epik Yunani.', 2018, 'Fiksi - Mitologi', 'Bagus', 'Dipinjam'),
('B00148', 'The Great Alone', 'Kristin Hannah', 'Kisah sebuah keluarga yang mencoba memulai hidup baru di Alaska yang liar dan berbahaya.', 2018, 'Fiksi - Drama', 'Bagus', 'Tidak Dipinjam'),
('B00149', 'The Shadow of the Wind', 'Carlos Ruiz Zafón', 'Kisah petualangan seorang anak laki-laki yang menemukan buku terlarang dan rahasia gelap di baliknya.', 2001, 'Fiksi - Misteri', 'Bagus', 'Dipinjam'),
('B00150', 'The Henna Artist', 'Alka Joshi', 'Kisah seorang seniman henna di Jaipur yang berjuang untuk independensi dan cinta.', 2020, 'Fiksi - Drama', 'Bagus', 'Tidak Dipinjam'),
('B00151', 'Becoming', 'Michelle Obama', 'Memoar inspiratif dari mantan Ibu Negara Amerika Serikat.', 2018, 'Non-Fiksi - Memoar', 'Bagus', 'Dipinjam'),
('B00152', 'The Vanishing Half', 'Brit Bennett', 'Kisah dua saudara kembar dengan kehidupan yang sangat berbeda.', 2020, 'Fiksi - Drama', 'Bagus', 'Dipinjam'),
('B00153', 'The Overstory', 'Richard Powers', 'Cerita epik tentang manusia dan pohon, serta hubungan di antara mereka.', 2018, 'Fiksi - Lingkungan', 'Bagus', 'Tidak Dipinjam'),
('B00154', 'Untamed', 'Glennon Doyle', 'Cerita tentang kebebasan, cinta, dan menjalani hidup yang autentik.', 2020, 'Non-Fiksi - Memoar', 'Bagus', 'Dipinjam'),
('B00155', 'Small Great Things', 'Jodi Picoult', 'Kisah tentang rasisme, hak asasi manusia, dan empati dalam sebuah kasus medis.', 2016, 'Fiksi - Drama', 'Bagus', 'Tidak Dipinjam'),
('B00156', 'The Dutch House', 'Ann Patchett', 'Kisah keluarga yang menghadapi cinta dan kehilangan selama beberapa dekade.', 2019, 'Fiksi - Drama', 'Bagus', 'Tidak Dipinjam'),
('B00157', 'The Sun Down Motel', 'Simone St. James', 'Seorang wanita yang menyelidiki kejadian misterius di sebuah motel terpencil.', 2020, 'Fiksi - Misteri', 'Bagus', 'Dipinjam'),
('B00158', 'Project Hail Mary', 'Andy Weir', 'Kisah seorang astronot yang harus menyelamatkan umat manusia dalam misi luar angkasa yang mustahil.', 2021, 'Fiksi - Sains', 'Bagus', 'Tidak Dipinjam'),
('B00159', 'Malibu Rising', 'Taylor Jenkins Reid', 'Kisah tentang sebuah pesta yang mengubah hidup keluarga terkenal di Malibu.', 2021, 'Fiksi - Drama', 'Bagus', 'Dipinjam'),
('B00160', 'The Song of Achilles', 'Madeline Miller', 'Kisah cinta dan tragedi Patroclus dan Achilles dalam mitologi Yunani.', 2011, 'Fiksi - Mitologi', 'Bagus', 'Tidak Dipinjam'),
('B00161', 'Shatter Me', 'Tahereh Mafi', 'Petualangan seorang gadis dengan kekuatan yang dapat menghancurkan dunia.', 2011, 'Fiksi - Dystopia', 'Bagus', 'Dipinjam'),
('B00162', 'The Nightingale', 'Kristin Hannah', 'Dua saudara perempuan Prancis yang menghadapi Perang Dunia II dengan keberanian dan pengorbanan.', 2015, 'Fiksi - Sejarah', 'Bagus', 'Dipinjam'),
('B00163', 'A Court of Thorns and Roses', 'Sarah J. Maas', 'Kisah seorang wanita yang terjebak di dunia peri setelah membunuh seekor serigala misterius.', 2015, 'Fiksi - Fantasi', 'Bagus', 'Tidak Dipinjam'),
('B00164', 'The Rosie Project', 'Graeme Simsion', 'Kisah seorang profesor yang membuat proyek ilmiah untuk menemukan pasangan hidupnya.', 2013, 'Fiksi - Romansa', 'Bagus', 'Tidak Dipinjam'),
('B00165', 'It Ends with Us', 'Colleen Hoover', 'Kisah emosional tentang cinta, kehilangan, dan keberanian untuk berubah.', 2016, 'Fiksi - Romansa', 'Bagus', 'Tidak Dipinjam'),
('B00166', 'The Paper Palace', 'Miranda Cowley Heller', 'Kisah cinta dan rahasia keluarga yang diungkap selama satu hari di musim panas.', 2021, 'Fiksi - Drama', 'Bagus', 'Dipinjam'),
('B00167', 'The Inheritance Games', 'Jennifer Lynn Barnes', 'Seorang remaja biasa yang tiba-tiba menjadi pewaris kekayaan misterius dan permainan penuh teka-teki.', 2020, 'Fiksi - Misteri', 'Bagus', 'Tidak Dipinjam'),
('B00168', 'Verity', 'Colleen Hoover', 'Kisah menegangkan tentang seorang penulis yang menemukan rahasia gelap dalam kehidupan seorang novelis terkenal.', 2018, 'Fiksi - Thriller', 'Bagus', 'Dipinjam'),
('B00169', 'A Man Called Ove', 'Fredrik Backman', 'Kisah tentang seorang pria pemarah yang hidupnya berubah karena tetangganya yang penuh warna.', 2012, 'Fiksi - Drama', 'Bagus', 'Tidak Dipinjam'),
('B00170', 'The 48 Laws of Power', 'Robert Greene', 'Buku panduan tentang cara memahami dan menggunakan kekuasaan dalam kehidupan sehari-hari.', 1998, 'Non-Fiksi - Strategi', 'Bagus', 'Dipinjam'),
('B00171', 'Seven Years in Tibet', 'Heinrich Harrer', 'Kisah perjalanan Heinrich Harrer yang tinggal di Tibet selama tujuh tahun dan persahabatannya dengan Dalai Lama muda.', 1952, 'Non-Fiksi - Petualangan', 'Bagus', 'Tidak Dipinjam'),
('B00172', 'The Art of Happiness', 'Dalai Lama XIV and Howard C. Cutler', 'Panduan dari Dalai Lama tentang pencapaian kebahagiaan melalui kehidupan yang lebih bermakna.', 1998, 'Non-Fiksi - Filosofi', 'Bagus', 'Dipinjam'),
('B00173', 'Ender''s Game', 'Orson Scott Card', 'Kisah seorang anak yang dilatih untuk memimpin pasukan dalam perang antarplanet melawan alien.', 1985, 'Fiksi - Sains Fiksi', 'Bagus', 'Dipinjam'),
('B00174', 'Waking Up', 'Sam Harris', 'Buku tentang kesadaran, meditasi, dan cara untuk hidup dengan penuh kesadaran.', 2014, 'Non-Fiksi - Spiritualitas', 'Bagus', 'Tidak Dipinjam'),
('B00175', 'Cirque du Freak', 'Darren Shan', 'Kisah tentang seorang remaja yang menjadi vampire dan terlibat dalam dunia sirkus aneh.', 2000, 'Fiksi - Fantasi', 'Bagus', 'Tidak Dipinjam'),
('B00176', 'Milk and Honey', 'Rupi Kaur', 'Kumpulan puisi tentang cinta, kehilangan, kekuatan, dan penyembuhan diri.', 2014, 'Puisi - Kumpulan Puisi', 'Bagus', 'Dipinjam'),
('B00177', 'Good to Great', 'Jim Collins', 'Panduan untuk membawa perusahaan dari yang baik menjadi hebat dalam waktu yang lama.', 2001, 'Non-Fiksi - Bisnis', 'Bagus', 'Tidak Dipinjam'),
('B00178', 'The Catcher in the Rye', 'J.D. Salinger', 'Kisah seorang remaja bernama Holden Caulfield yang merasa terasing di dunia sekitarnya.', 1951, 'Fiksi - Drama', 'Bagus', 'Dipinjam'),
('B00179', 'The Secret History', 'Donna Tartt', 'Kisah sekelompok mahasiswa yang terlibat dalam pembunuhan setelah terobsesi dengan keindahan seni dan kegelapan.', 1992, 'Fiksi - Misteri', 'Bagus', 'Tidak Dipinjam'),
('B00180', 'Big Little Lies', 'Liane Moriarty', 'Kisah persahabatan antara tiga ibu yang terlibat dalam misteri pembunuhan di komunitas mereka.', 2014, 'Fiksi - Drama', 'Bagus', 'Dipinjam'),
('B00181', 'Be Here Now', 'Ram Dass', 'Buku tentang penerimaan diri dan pentingnya berada di saat ini dengan penuh kesadaran.', 1971, 'Non-Fiksi - Spiritualitas', 'Bagus', 'Tidak Dipinjam'),
('B00182', 'Outliers', 'Malcolm Gladwell', 'Buku ini mengeksplorasi apa yang membuat orang luar biasa berhasil dan bagaimana faktor lingkungan memengaruhi kesuksesan.', 2008, 'Non-Fiksi - Sosial', 'Bagus', 'Dipinjam'),
('B00183', 'Life After Life', 'Kate Atkinson', 'Kisah tentang seorang wanita yang menjalani hidup berulang kali dalam berbagai kemungkinan takdir.', 2013, 'Fiksi - Drama', 'Bagus', 'Tidak Dipinjam'),
('B00184', 'The Outsiders', 'S.E. Hinton', 'Perjuangan hidup remaja yang berasal dari dua kelas sosial yang berbeda di Amerika Serikat pada tahun 1960-an.', 1967, 'Fiksi - Remaja', 'Bagus', 'Tidak Dipinjam'),
('B00185', 'The Girl on the Train', 'Paula Hawkins', 'Seorang wanita yang terobsesi dengan kehidupan orang lain dan terlibat dalam misteri hilangnya seorang perempuan.', 2015, 'Fiksi - Thriller', 'Bagus', 'Dipinjam'),
('B00186', 'Diary of a Wimpy Kid', 'Jeff Kinney', 'Kisah humor tentang kehidupan seorang anak remaja bernama Greg Heffley yang berjuang melalui kehidupan sekolah dan keluarga.', 2007, 'Fiksi - Anak-Anak', 'Bagus', 'Tidak Dipinjam'),
('B00187', 'The Immortalists', 'Chloe Benjamin', 'Kisah empat bersaudara yang diberitahu oleh seorang peramal tentang tanggal kematian mereka.', 2018, 'Fiksi - Drama', 'Bagus', 'Dipinjam'),
('B00188', 'How to Win Friends and Influence People', 'Dale Carnegie', 'Panduan klasik untuk membangun hubungan interpersonal yang positif dan efektif.', 1936, 'Non-Fiksi - Pengembangan Diri', 'Bagus', 'Tidak Dipinjam'),
('B00189', 'The Girl with the Louding Voice', 'Abi Daré', 'Seorang gadis Nigeria berjuang untuk menemukan suaranya dan kebebasan dalam menghadapi penindasan dan diskriminasi.', 2020, 'Fiksi - Drama', 'Bagus', 'Dipinjam'),
('B00190', 'The Tattooist of Auschwitz', 'Heather Morris', 'Seorang pria yang menjadi tatois di kamp konsentrasi Auschwitz dan kisah cintanya yang tak terduga.', 2018, 'Fiksi - Sejarah', 'Bagus', 'Dipinjam'),
('B00191', 'American Dirt', 'Jeanine Cummins', 'Kisah seorang ibu dan anak yang melarikan diri dari kekerasan kartel narkoba di Meksiko menuju Amerika Serikat.', 2020, 'Fiksi - Drama', 'Bagus', 'Tidak Dipinjam'),
('B00192', 'Where the Forest Meets the Stars', 'Glendy Vanderah', 'Kisah tentang seorang wanita yang berusaha merawat dua anak yang membawa harapan dan cinta yang luar biasa.', 2019, 'Fiksi - Drama', 'Bagus', 'Tidak Dipinjam'),
('B00193', 'Slaughterhouse-Five', 'Kurt Vonnegut', 'Seorang tentara yang terjebak dalam waktu, menghadapi pertempuran Perang Dunia II dan perjalanan luar angkasa yang aneh.', 1969, 'Fiksi - Perang', 'Rusak', 'Tidak Dipinjam'),
('B00194', 'All the Light We Cannot See', 'Anthony Doerr', 'Kisah dua karakter yang berbeda selama Perang Dunia II, dengan latar belakang yang sangat berbeda tetapi dengan hubungan tak terduga.', 2014, 'Fiksi - Sejarah', 'Bagus', 'Tidak Dipinjam'),
('B00195', 'The Night Circus', 'Erin Morgenstern', 'Seorang sirkus yang misterius dan fantastik dengan elemen sihir di dalamnya.', 2011, 'Fiksi - Fantasi', 'Bagus', 'Tidak Dipinjam'),
('B00196', 'Filosofi Kopi', 'Dewi Lestari', 'Kisah-kisah tentang kehidupan yang dikemas dengan filosofi secangkir kopi.', 2006, 'Fiksi - Kumpulan Cerita Pendek', 'Bagus', 'Tidak Dipinjam'),
('B00197', 'Les Misérables', 'Victor Hugo', 'Seorang mantan narapidana yang berjuang untuk mendapatkan pengampunan di tengah revolusi Prancis.', 1862, 'Fiksi - Sejarah', 'Bagus', 'Tidak Dipinjam'),
('B00198', 'The 48 Laws of Power', 'Robert Greene', 'Buku panduan tentang cara memahami dan menggunakan kekuasaan dalam kehidupan sehari-hari.', 1998, 'Non-Fiksi - Strategi', 'Terdapat Coretan', 'Tidak Dipinjam'),
('B00199', 'The Song of Achilles', 'Madeline Miller', 'Kisah cinta dan tragedi Patroclus dan Achilles dalam mitologi Yunani.', 2011, 'Fiksi - Mitologi', 'Bagus', 'Dipinjam'),
('B00200', 'The Song of Achilles', 'Madeline Miller', 'Kisah cinta dan tragedi Patroclus dan Achilles dalam mitologi Yunani.', 2011, 'Fiksi - Mitologi', 'Bagus', 'Dipinjam'),
('B00201', 'Project Hail Mary', 'Andy Weir', 'Kisah seorang astronot yang harus menyelamatkan umat manusia dalam misi luar angkasa yang mustahil.', 2021, 'Fiksi - Sains', 'Bagus', 'Tidak Dipinjam'),
('B00202', 'Don Quixote', 'Miguel de Cervantes', 'Cerita tentang seorang pria yang terobsesi dengan kisah-kisah ksatria dan pergi berpetualang dengan pembantunya.', 1605, 'Fiksi - Klasik', 'Bagus', 'Tidak Dipinjam'),
('B00203', 'Ender''s Game', 'Orson Scott Card', 'Kisah seorang anak yang dilatih untuk memimpin pasukan dalam perang antarplanet melawan alien.', 1985, 'Fiksi - Sains Fiksi', 'Bagus', 'Tidak Dipinjam'),
('B00204', 'Simfoni Sempurna', 'Felix Siauw', 'Cinta dan harapan antara dua insan yang berbeda dunia namun saling mengisi.', 2020, 'Fiksi - Romansa', 'Halaman hilang', 'Tidak Dipinjam'),
('B00205', 'Ronggeng Dukuh Paruk', 'Ahmad Tohari', 'Perjalanan seorang penari ronggeng dalam kehidupan pedesaan Jawa yang penuh konflik.', 1982, 'Fiksi - Sejarah', 'Terdapat Coretan', 'Tidak Dipinjam'),
('B00206', 'Animal Farm', 'George Orwell', 'Seekor babi yang dipimpin oleh sekelompok hewan mencoba mengubah sistem politik di peternakan mereka, namun akhirnya jatuh ke dalam tirani.', 1945, 'Fiksi - Satir', 'Bagus', 'Tidak Dipinjam'),
('B00207', 'Padang Bulan', 'Andrea Hirata', 'Kisah penuh humor dan inspirasi tentang cinta dan kehidupan.', 2010, 'Fiksi - Novel', 'Bagus', 'Tidak Dipinjam'),
('B00208', 'The Seven Habits of Highly Effective People', 'Stephen R. Covey', 'Buku panduan tentang kebiasaan efektif untuk kesuksesan pribadi dan profesional.', 1989, 'Non-Fiksi - Pengembangan Diri', 'Bagus', 'Tidak Dipinjam'),
('B00209', 'The Fault in Our Stars', 'John Green', 'Perjalanan cinta dua remaja yang saling mencintai meski berjuang melawan kanker.', 2012, 'Fiksi - Romansa', 'Bagus', 'Tidak Dipinjam'),
('B00210', 'The Immortalists', 'Chloe Benjamin', 'Kisah empat bersaudara yang diberitahu oleh seorang peramal tentang tanggal kematian mereka.', 2018, 'Fiksi - Drama', 'Rusak', 'Tidak Dipinjam'),
('B00211', 'Alchemist', 'Paulo Coelho', 'Cerita tentang seorang pengembara yang mengejar mimpinya menuju harta karun.', 1988, 'Fiksi - Inspirasi', 'Rusak', 'Tidak Dipinjam'),
('B00212', 'The Girl on the Train', 'Paula Hawkins', 'Seorang wanita yang terobsesi dengan kehidupan orang lain dan terlibat dalam misteri hilangnya seorang perempuan.', 2015, 'Fiksi - Thriller', 'Bagus', 'Tidak Dipinjam'),
('B00213', 'How to Win Friends and Influence People', 'Dale Carnegie', 'Panduan klasik untuk membangun hubungan interpersonal yang positif dan efektif.', 1936, 'Non-Fiksi - Pengembangan Diri', 'Bagus', 'Tidak Dipinjam'),
('B00214', 'Ayat-Ayat Cinta', 'Habiburrahman El Shirazy', 'Kisah cinta yang mendalam antara Cinta dan yang dicintainya.', 2004, 'Fiksi - Romansa', 'Bagus', 'Dipinjam'),
('B00215', 'Educated', 'Tara Westover', 'Kisah seorang wanita muda yang melarikan diri dari keluarga radikal untuk mendapatkan pendidikan formal.', 2018, 'Non-Fiksi - Memoar', 'Bagus', 'Tidak Dipinjam'),
('B00216', 'The Unbearable Lightness of Being', 'Milan Kundera', 'Novel tentang kehidupan, kebebasan, dan pengorbanan di tengah konflik sejarah.', 1984, 'Fiksi - Drama', 'Bagus', 'Tidak Dipinjam'),
('B00217', 'The Subtle Art of Not Giving a F*ck', 'Mark Manson', 'Perspektif realistis tentang kebahagiaan dan penerimaan keterbatasan dalam hidup.', 2016, 'Non-Fiksi - Motivasi', 'Bagus', 'Tidak Dipinjam'),
('B00218', 'Beloved', 'Toni Morrison', 'Seorang ibu yang berjuang melawan masa lalunya dan berusaha merawat anak-anaknya pasca perbudakan.', 1987, 'Fiksi - Sejarah', 'Bagus', 'Dipinjam'),
('B00219', 'Life of Pi', 'Yann Martel', 'Pi Patel bertahan hidup selama berbulan-bulan di lautan dengan seekor harimau Bengal di atas perahu kecil.', 2001, 'Fiksi - Petualangan', 'Bagus', 'Tidak Dipinjam'),
('B00220', 'Malibu Rising', 'Taylor Jenkins Reid', 'Kisah tentang sebuah pesta yang mengubah hidup keluarga terkenal di Malibu.', 2021, 'Fiksi - Drama', 'Bagus', 'Dipinjam'),
('B00221', 'Brida', 'Paulo Coelho', 'Cerita tentang seorang gadis yang mencari jati dirinya dalam dunia spiritual.', 1990, 'Fiksi - Fantasi', 'Bagus', 'Dipinjam'),
('B00222', 'All the Light We Cannot See', 'Anthony Doerr', 'Kisah dua karakter yang berbeda selama Perang Dunia II, dengan latar belakang yang sangat berbeda tetapi dengan hubungan tak terduga.', 2014, 'Fiksi - Sejarah', 'Terdapat Coretan', 'Tidak Dipinjam'),
('B00223', 'The Diary of a Young Girl', 'Anne Frank', 'Buku harian yang ditulis Anne Frank, seorang gadis Yahudi selama Perang Dunia II.', 1947, 'Non-Fiksi - Sejarah', 'Rusak', 'Tidak Dipinjam'),
('B00224', 'Atomic Habits', 'James Clear', 'Panduan praktis untuk mengubah kebiasaan kecil menjadi hasil besar dalam hidup.', 2018, 'Non-Fiksi - Pengembangan Diri', 'Bagus', 'Tidak Dipinjam'),
('B00225', 'The Art of Happiness', 'Dalai Lama XIV and Howard C. Cutler', 'Panduan dari Dalai Lama tentang pencapaian kebahagiaan melalui kehidupan yang lebih bermakna.', 1998, 'Non-Fiksi - Filosofi', 'Bagus', 'Tidak Dipinjam'),
('B00226', 'The Four Agreements', 'Don Miguel Ruiz', 'Empat prinsip sederhana untuk hidup damai dan bermakna.', 1997, 'Non-Fiksi - Spiritualitas', 'Bagus', 'Dipinjam'),
('B00227', 'Negeri Di Ujung Tanduk', 'Tere Liye', 'Kisah penuh intrik politik dan petualangan seorang pengacara idealis.', 2013, 'Fiksi - Thriller', 'Rusak', 'Tidak Dipinjam'),
('B00228', 'Twilight', 'Stephenie Meyer', 'Cinta terlarang antara Bella Swan, seorang manusia, dan Edward Cullen, seorang vampir.', 2005, 'Fiksi - Romansa', 'Terdapat Coretan', 'Tidak Dipinjam'),
('B00229', 'Atlas Shrugged', 'Ayn Rand', 'Cerita tentang tokoh-tokoh dalam masyarakat kapitalis yang mencoba menemukan arti kehidupan dan kebebasan individu.', 1957, 'Fiksi - Filosofi', 'Bagus', 'Tidak Dipinjam'),
('B00230', 'Treasure Island', 'Robert Louis Stevenson', 'Seorang pemuda memulai petualangan mencari harta karun dengan sekelompok bajak laut.', 1883, 'Fiksi - Petualangan', 'Rusak', 'Tidak Dipinjam'),
('B00231', 'The Secret Garden', 'Frances Hodgson Burnett', 'Kisah seorang gadis yang menemukan taman tersembunyi yang mengubah hidupnya dan orang-orang di sekitarnya.', 1911, 'Fiksi - Anak-Anak', 'Bagus', 'Dipinjam'),
('B00232', 'Digital Fortress', 'Dan Brown', 'Sebuah cerita tentang ancaman keamanan digital dan konspirasi di baliknya.', 1998, 'Fiksi - Thriller', 'Bagus', 'Tidak Dipinjam'),
('B00233', 'Wuthering Heights', 'Emily Brontë', 'Kisah tentang cinta yang penuh dengan kebencian dan balas dendam di pedesaan Inggris.', 1847, 'Fiksi - Romansa', 'Terdapat Coretan', 'Tidak Dipinjam'),
('B00234', 'Where the Crawdads Sing', 'Delia Owens', 'Kisah tentang seorang gadis yang tumbuh sendiri di rawa dan tersangkut kasus pembunuhan.', 2018, 'Fiksi - Drama', 'Bagus', 'Dipinjam'),
('B00235', 'Negeri Di Ujung Tanduk', 'Tere Liye', 'Kisah penuh intrik politik dan petualangan seorang pengacara idealis.', 2013, 'Fiksi - Thriller', 'Bagus', 'Tidak Dipinjam'),
('B00236', 'Rich Dad Poor Dad', 'Robert T. Kiyosaki', 'Buku tentang prinsip keuangan dan kebebasan finansial.', 1997, 'Non-Fiksi - Keuangan', 'Bagus', 'Tidak Dipinjam'),
('B00237', 'The Tattooist of Auschwitz', 'Heather Morris', 'Seorang pria yang menjadi tatois di kamp konsentrasi Auschwitz dan kisah cintanya yang tak terduga.', 2018, 'Fiksi - Sejarah', 'Bagus', 'Tidak Dipinjam'),
('B00238', 'Slaughterhouse-Five', 'Kurt Vonnegut', 'Seorang tentara yang terjebak dalam waktu, menghadapi pertempuran Perang Dunia II dan perjalanan luar angkasa yang aneh.', 1969, 'Fiksi - Perang', 'Bagus', 'Tidak Dipinjam'),
('B00239', 'How to Win Friends and Influence People', 'Dale Carnegie', 'Panduan klasik untuk membangun hubungan interpersonal yang positif dan efektif.', 1936, 'Non-Fiksi - Pengembangan Diri', 'Bagus', 'Dipinjam'),
('B00240', 'Girl, Wash Your Face', 'Rachel Hollis', 'Buku inspiratif yang menantang pembaca untuk menghentikan kebohongan yang membatasi diri.', 2018, 'Non-Fiksi - Motivasi', 'Bagus', 'Tidak Dipinjam'),
('B00241', 'The Handmaid''s Tale', 'Margaret Atwood', 'Cerita tentang dunia masa depan di mana wanita diperlakukan sebagai properti negara dan berjuang untuk kebebasan mereka.', 1985, 'Fiksi - Dystopia', 'Bagus', 'Tidak Dipinjam'),
('B00242', 'The Overstory', 'Richard Powers', 'Cerita epik tentang manusia dan pohon, serta hubungan di antara mereka.', 2018, 'Fiksi - Lingkungan', 'Bagus', 'Tidak Dipinjam'),
('B00243', 'Atomic Habits', 'James Clear', 'Panduan praktis untuk mengubah kebiasaan kecil menjadi hasil besar dalam hidup.', 2018, 'Non-Fiksi - Pengembangan Diri', 'Bagus', 'Dipinjam'),
('B00244', 'Fahrenheit 451', 'Ray Bradbury', 'Cerita tentang sebuah dunia dimana buku dibakar dan pemikirannya dianggap kejahatan.', 1953, 'Fiksi - Dystopia', 'Bagus', 'Tidak Dipinjam'),
('B00245', 'Seven Years in Tibet', 'Heinrich Harrer', 'Kisah perjalanan Heinrich Harrer yang tinggal di Tibet selama tujuh tahun dan persahabatannya dengan Dalai Lama muda.', 1952, 'Non-Fiksi - Petualangan', 'Rusak', 'Tidak Dipinjam'),
('B00246', 'Man''s Search for Meaning', 'Viktor E. Frankl', 'Pengalaman seorang tahanan kamp konsentrasi dan filsafat logoterapi.', 1946, 'Non-Fiksi - Psikologi', 'Bagus', 'Tidak Dipinjam'),
('B00247', 'Moby-Dick', 'Herman Melville', 'Cerita tentang pencarian obsesif seorang kapten kapal terhadap paus putih yang legendaris.', 1851, 'Fiksi - Petualangan', 'Terdapat Coretan', 'Tidak Dipinjam'),
('B00248', 'Ayat-Ayat Cinta', 'Habiburrahman El Shirazy', 'Kisah cinta yang mendalam antara Cinta dan yang dicintainya.', 2004, 'Fiksi - Romansa', 'Bagus', 'Tidak Dipinjam'),
('B00249', 'Time Traveler''s Wife', 'Audrey Niffenegger', 'Cinta yang terjalin meski terhalang oleh perjalanan waktu.', 2003, 'Fiksi - Romansa', 'Bagus', 'Dipinjam'),
('B00250', 'Cirque du Freak', 'Darren Shan', 'Kisah tentang seorang remaja yang menjadi vampire dan terlibat dalam dunia sirkus aneh.', 2000, 'Fiksi - Fantasi', 'Bagus', 'Tidak Dipinjam'),
('B00251', 'The Book Thief', 'Markus Zusak', 'Kisah seorang gadis muda di era Nazi Jerman yang mencuri buku untuk melarikan diri dari kenyataan hidupnya.', 2005, 'Fiksi - Sejarah', 'Bagus', 'Tidak Dipinjam'),
('B00252', 'Supernova: Partikel', 'Dewi Lestari', 'Petualangan dalam menemukan makna eksistensi dan spiritualitas.', 2012, 'Fiksi - Novel', 'Bagus', 'Tidak Dipinjam'),
('B00253', 'To Kill a Mockingbird', 'Harper Lee', 'Sejarah perjuangan melawan rasisme dan ketidakadilan melalui pandangan seorang gadis kecil di Alabama.', 1960, 'Fiksi - Drama', 'Bagus', 'Tidak Dipinjam'),
('B00254', 'Negeri 5 Menara', 'A. Fuadi', 'Kisah seorang pemuda yang berjuang untuk mencapai cita-cita di pesantren.', 2009, 'Fiksi - Pendidikan', 'Bagus', 'Tidak Dipinjam'),
('B00255', 'Pulang', 'Leila S. Chudori', 'Perjalanan hidup seorang eksil politik Indonesia yang tinggal di Paris.', 2012, 'Fiksi - Novel', 'Bagus', 'Dipinjam'),
('B00256', 'The Girl on the Train', 'Paula Hawkins', 'Seorang wanita yang terobsesi dengan kehidupan orang lain dan terlibat dalam misteri hilangnya seorang perempuan.', 2015, 'Fiksi - Thriller', 'Bagus', 'Tidak Dipinjam'),
('B00257', 'Verity', 'Colleen Hoover', 'Kisah menegangkan tentang seorang penulis yang menemukan rahasia gelap dalam kehidupan seorang novelis terkenal.', 2018, 'Fiksi - Thriller', 'Bagus', 'Tidak Dipinjam'),
('B00258', 'The Great Gatsby', 'F. Scott Fitzgerald', 'Kisah cinta tragis dan ambisi di tengah kehidupan glamour di New York.', 1925, 'Fiksi - Drama', 'Bagus', 'Tidak Dipinjam'),
('B00259', 'Jane Eyre', 'Charlotte Brontë', 'Cerita tentang kehidupan dan perjuangan Jane Eyre yang menjadi seorang wanita kuat meskipun menghadapi banyak rintangan.', 1847, 'Fiksi - Romansa', 'Bagus', 'Dipinjam'),
('B00260', 'Angels and Demons', 'Dan Brown', 'Investigasi misteri yang melibatkan ilmu pengetahuan dan agama.', 2000, 'Fiksi - Thriller', 'Bagus', 'Tidak Dipinjam'),
('B00261', 'Time Traveler''s Wife', 'Audrey Niffenegger', 'Cinta yang terjalin meski terhalang oleh perjalanan waktu.', 2003, 'Fiksi - Romansa', 'Halaman hilang', 'Tidak Dipinjam'),
('B00262', 'Where the Crawdads Sing', 'Delia Owens', 'Kisah tentang seorang gadis yang tumbuh sendiri di rawa dan tersangkut kasus pembunuhan.', 2018, 'Fiksi - Drama', 'Terdapat Coretan', 'Tidak Dipinjam'),
('B00263', 'Sang Pemimpi', 'Andrea Hirata', 'Melanjutkan kisah dalam Laskar Pelangi, menceritakan tentang impian dan perjuangan.', 2006, 'Fiksi - Novel', 'Bagus', 'Tidak Dipinjam'),
('B00264', 'Dilan: Dia adalah Dilanku Tahun 1990', 'Pidi Baiq', 'Kisah cinta remaja penuh kenangan manis di Bandung.', 2014, 'Fiksi - Remaja', 'Bagus', 'Tidak Dipinjam'),
('B00265', 'Educated', 'Tara Westover', 'Kisah seorang wanita yang melarikan diri dari keluarga radikal untuk mendapatkan pendidikan formal.', 2018, 'Non-Fiksi - Memoar', 'Bagus', 'Dipinjam'),
('B00266', 'Harry Potter and the Chamber of Secrets', 'J.K. Rowling', 'Petualangan Harry Potter dalam mengungkap misteri yang ada di dalam Chamber of Secrets.', 1998, 'Fiksi - Fantasi', 'Bagus', 'Dipinjam'),
('B00267', 'The Count of Monte Cristo', 'Alexandre Dumas', 'Seorang pria muda merencanakan balas dendam setelah dipenjara secara tidak adil.', 1844, 'Fiksi - Petualangan', 'Bagus', 'Tidak Dipinjam'),
('B00268', 'American Dirt', 'Jeanine Cummins', 'Kisah seorang ibu dan anak yang melarikan diri dari kekerasan kartel narkoba di Meksiko menuju Amerika Serikat.', 2020, 'Fiksi - Drama', 'Rusak', 'Tidak Dipinjam'),
('B00269', '1984', 'George Orwell', 'Sebuah novel distopia tentang pengawasan totalitarian oleh pemerintah.', 1949, 'Fiksi - Fiksi Ilmiah', 'Bagus', 'Tidak Dipinjam'),
('B00270', 'The Book Thief', 'Markus Zusak', 'Kisah seorang gadis muda di era Nazi Jerman yang mencuri buku untuk melarikan diri dari kenyataan hidupnya.', 2005, 'Fiksi - Sejarah', 'Rusak', 'Tidak Dipinjam'),
('B00271', 'The Sun Down Motel', 'Simone St. James', 'Seorang wanita yang menyelidiki kejadian misterius di sebuah motel terpencil.', 2020, 'Fiksi - Misteri', 'Bagus', 'Dipinjam'),
('B00272', 'Verity', 'Colleen Hoover', 'Kisah menegangkan tentang seorang penulis yang menemukan rahasia gelap dalam kehidupan seorang novelis terkenal.', 2018, 'Fiksi - Thriller', 'Bagus', 'Dipinjam'),
('B00273', 'The Catcher in the Rye', 'J.D. Salinger', 'Seorang remaja yang berjuang dengan rasa kehilangan dan identitas dirinya.', 1951, 'Fiksi - Drama', 'Bagus', 'Tidak Dipinjam'),
('B00274', 'The Old Man and the Sea', 'Ernest Hemingway', 'Seorang nelayan tua berjuang untuk menangkap ikan marlin raksasa yang akan membuktikan kemampuannya sebagai seorang pelaut.', 1952, 'Fiksi - Petualangan', 'Bagus', 'Tidak Dipinjam'),
('B00275', 'The Outsiders', 'S.E. Hinton', 'Cerita tentang kehidupan dua kelompok remaja dengan latar belakang sosial yang berbeda di Amerika Serikat.', 1967, 'Fiksi - Remaja', 'Bagus', 'Tidak Dipinjam'),
('B00276', 'The House of the Spirits', 'Isabel Allende', 'Sebuah kisah epik tentang cinta, politik, dan keluarga yang penuh dengan unsur magis.', 1982, 'Fiksi - Magis Realisme', 'Bagus', 'Tidak Dipinjam'),
('B00277', 'Negeri Di Ujung Tanduk', 'Tere Liye', 'Kisah penuh intrik politik dan petualangan seorang pengacara idealis.', 2013, 'Fiksi - Thriller', 'Terdapat Coretan', 'Tidak Dipinjam'),
('B00278', 'Angels and Demons', 'Dan Brown', 'Investigasi misteri yang melibatkan ilmu pengetahuan dan agama.', 2000, 'Fiksi - Thriller', 'Bagus', 'Tidak Dipinjam'),
('B00279', 'Di Tepi Laut', 'Andrea Hirata', 'Perjalanan hidup seseorang yang diwarnai oleh kisah cinta dan impian di desa kecil.', 2020, 'Fiksi - Novel', 'Bagus', 'Tidak Dipinjam'),
('B00280', 'Cirque du Freak', 'Darren Shan', 'Kisah tentang seorang remaja yang menjadi vampire dan terlibat dalam dunia sirkus aneh.', 2000, 'Fiksi - Fantasi', 'Terdapat Coretan', 'Tidak Dipinjam'),
('B00281', 'Heart of Darkness', 'Joseph Conrad', 'Seorang pria menceritakan pengalamannya mengarungi hutan belantara Afrika dan kebobrokan kolonialisme.', 1899, 'Fiksi - Petualangan', 'Bagus', 'Tidak Dipinjam'),
('B00282', 'The Fault in Our Stars', 'John Green', 'Perjalanan cinta dua remaja yang saling mencintai meski berjuang melawan kanker.', 2012, 'Fiksi - Romansa', 'Rusak', 'Tidak Dipinjam'),
('B00283', 'The Light We Lost', 'Jill Santopolo', 'Kisah cinta yang terjalin dan diuji oleh waktu serta takdir.', 2017, 'Fiksi - Romansa', 'Terdapat Coretan', 'Tidak Dipinjam'),
('B00284', 'Sang Pemimpi', 'Andrea Hirata', 'Melanjutkan kisah dalam Laskar Pelangi, menceritakan tentang impian dan perjuangan.', 2006, 'Fiksi - Novel', 'Halaman hilang', 'Tidak Dipinjam'),
('B00285', 'Ender''s Game', 'Orson Scott Card', 'Kisah seorang anak yang dilatih untuk memimpin pasukan dalam perang antarplanet melawan alien.', 1985, 'Fiksi - Sains Fiksi', 'Bagus', 'Tidak Dipinjam'),
('B00286', 'Milk and Honey', 'Rupi Kaur', 'Kumpulan puisi tentang cinta, kehilangan, kekuatan, dan penyembuhan diri.', 2014, 'Puisi - Kumpulan Puisi', 'Bagus', 'Dipinjam'),
('B00287', 'Wicked', 'Gregory Maguire', 'Kisah tentang sisi lain dari penyihir jahat di negeri Oz yang penuh dengan intrik dan perjuangan.', 1995, 'Fiksi - Fantasi', 'Bagus', 'Tidak Dipinjam'),
('B00288', 'Dear John', 'Nicholas Sparks', 'Romansa tentang cinta yang terpisah karena perang.', 2006, 'Fiksi - Romansa', 'Bagus', 'Tidak Dipinjam'),
('B00289', 'The Seven Habits of Highly Effective People', 'Stephen R. Covey', 'Buku panduan tentang kebiasaan efektif untuk kesuksesan pribadi dan profesional.', 1989, 'Non-Fiksi - Pengembangan Diri', 'Bagus', 'Tidak Dipinjam'),
('B00290', 'Sang Penandai', 'Tere Liye', 'Petualangan seorang pemuda dalam mencari arti cinta sejati.', 2006, 'Fiksi - Inspirasi', 'Bagus', 'Tidak Dipinjam'),
('B00291', 'Educated', 'Tara Westover', 'Kisah seorang wanita muda yang melarikan diri dari keluarga radikal untuk mendapatkan pendidikan formal.', 2018, 'Non-Fiksi - Memoar', 'Rusak', 'Tidak Dipinjam'),
('B00292', 'The Godfather', 'Mario Puzo', 'Keputusan-keputusan dalam keluarga mafia yang terlibat dalam kejahatan, kekuasaan, dan loyalitas.', 1969, 'Fiksi - Kriminal', 'Rusak', 'Tidak Dipinjam'),
('B00293', 'All the Light We Cannot See', 'Anthony Doerr', 'Kisah dua karakter yang berbeda selama Perang Dunia II, dengan latar belakang yang sangat berbeda tetapi dengan hubungan tak terduga.', 2014, 'Fiksi - Sejarah', 'Bagus', 'Tidak Dipinjam'),
('B00294', 'Di Tepi Laut', 'Andrea Hirata', 'Perjalanan hidup seseorang yang diwarnai oleh kisah cinta dan impian di desa kecil.', 2020, 'Fiksi - Novel', 'Bagus', 'Tidak Dipinjam'),
('B00295', 'Animal Farm', 'George Orwell', 'Seekor babi yang dipimpin oleh sekelompok hewan mencoba mengubah sistem politik di peternakan mereka, namun akhirnya jatuh ke dalam tirani.', 1945, 'Fiksi - Satir', 'Bagus', 'Tidak Dipinjam'),
('B00296', 'The Four Agreements', 'Don Miguel Ruiz', 'Empat prinsip sederhana untuk hidup damai dan bermakna.', 1997, 'Non-Fiksi - Spiritualitas', 'Bagus', 'Tidak Dipinjam'),
('B00297', 'Animal Farm', 'George Orwell', 'Seekor babi yang dipimpin oleh sekelompok hewan mencoba mengubah sistem politik di peternakan mereka, namun akhirnya jatuh ke dalam tirani.', 1945, 'Fiksi - Satir', 'Rusak', 'Tidak Dipinjam'),
('B00298', 'The Bell Jar', 'Sylvia Plath', 'Cerita tentang seorang wanita muda yang berjuang melawan depresi dan tantangan mental yang dihadapinya.', 1963, 'Fiksi - Psikologi', 'Halaman hilang', 'Tidak Dipinjam'),
('B00299', 'A Man Called Ove', 'Fredrik Backman', 'Kisah tentang seorang pria pemarah yang hidupnya berubah karena tetangganya yang penuh warna.', 2012, 'Fiksi - Drama', 'Bagus', 'Tidak Dipinjam'),
('B00300', 'The Silent Patient', 'Alex Michaelides', 'Kisah misteri tentang seorang pelukis yang berhenti bicara setelah insiden tragis.', 2019, 'Fiksi - Thriller', 'Bagus', 'Tidak Dipinjam'),
('B00301', 'Project Hail Mary', 'Andy Weir', 'Kisah seorang astronot yang harus menyelamatkan umat manusia dalam misi luar angkasa yang mustahil.', 2021, 'Fiksi - Sains', 'Bagus', 'Tidak Dipinjam'),
('B00302', 'Thinking, Fast and Slow', 'Daniel Kahneman', 'Panduan memahami bagaimana pikiran manusia bekerja dalam pengambilan keputusan.', 2011, 'Non-Fiksi - Psikologi', 'Rusak', 'Tidak Dipinjam'),
('B00303', 'The Scarlet Letter', 'Nathaniel Hawthorne', 'Kisah seorang wanita yang dihukum karena perzinahan di komunitas Puritan abad ke-17.', 1850, 'Fiksi - Klasik', 'Bagus', 'Tidak Dipinjam'),
('B00304', 'Emma', 'Jane Austen', 'Seorang wanita muda yang penuh semangat mencoba untuk mengatur hubungan orang lain, namun berakhir dengan jatuh cinta pada orang yang tidak diduga.', 1815, 'Fiksi - Romansa', 'Rusak', 'Tidak Dipinjam'),
('B00305', 'The Scarlet Letter', 'Nathaniel Hawthorne', 'Kisah seorang wanita yang dihukum karena perzinahan di komunitas Puritan abad ke-17.', 1850, 'Fiksi - Klasik', 'Bagus', 'Dipinjam'),
('B00306', 'Project Hail Mary', 'Andy Weir', 'Kisah seorang astronot yang harus menyelamatkan umat manusia dalam misi luar angkasa yang mustahil.', 2021, 'Fiksi - Sains', 'Rusak', 'Tidak Dipinjam'),
('B00307', 'Catch-22', 'Joseph Heller', 'Sebuah cerita satir tentang perang dan kontradiksi dalam situasi yang penuh absurditas.', 1961, 'Fiksi - Satire', 'Bagus', 'Tidak Dipinjam'),
('B00308', 'All the Light We Cannot See', 'Anthony Doerr', 'Kisah dua individu yang berbeda selama Perang Dunia II, dihubungkan oleh sebuah radio tua.', 2014, 'Fiksi - Sejarah', 'Bagus', 'Dipinjam'),
('B00309', 'Bumi Manusia', 'Pramoedya Ananta Toer', 'Kisah kehidupan seorang pribumi yang berjuang untuk kebebasan di masa penjajahan.', 1980, 'Fiksi - Sejarah', 'Bagus', 'Dipinjam'),
('B00310', 'The Girl on the Train', 'Paula Hawkins', 'Seorang wanita yang terobsesi dengan kehidupan orang lain dan terlibat dalam misteri hilangnya seorang perempuan.', 2015, 'Fiksi - Thriller', 'Bagus', 'Dipinjam'),
('B00311', 'A Tale of Two Cities', 'Charles Dickens', 'Kisah cinta dan pengorbanan selama Revolusi Prancis di London dan Paris.', 1859, 'Fiksi - Sejarah', 'Rusak', 'Tidak Dipinjam'),
('B00312', 'Charlotte''s Web', 'E.B. White', 'Kisah persahabatan antara seekor babi bernama Wilbur dan seekor laba-laba bernama Charlotte.', 1952, 'Fiksi - Anak', 'Bagus', 'Tidak Dipinjam'),
('B00313', 'The Maze Runner', 'James Dashner', 'Sekelompok remaja berusaha melarikan diri dari labirin misterius yang penuh jebakan mematikan.', 2009, 'Fiksi - Dystopia', 'Bagus', 'Tidak Dipinjam'),
('B00314', 'The Handmaid''s Tale', 'Margaret Atwood', 'Cerita tentang dunia masa depan di mana wanita diperlakukan sebagai properti negara dan berjuang untuk kebebasan mereka.', 1985, 'Fiksi - Dystopia', 'Terdapat Coretan', 'Tidak Dipinjam'),
('B00315', 'Big Little Lies', 'Liane Moriarty', 'Kisah persahabatan antara tiga ibu yang terlibat dalam misteri pembunuhan di komunitas mereka.', 2014, 'Fiksi - Drama', 'Bagus', 'Dipinjam'),
('B00316', 'Good to Great', 'Jim Collins', 'Panduan untuk membawa perusahaan dari yang baik menjadi hebat dalam waktu yang lama.', 2001, 'Non-Fiksi - Bisnis', 'Bagus', 'Tidak Dipinjam'),
('B00317', 'Pride and Prejudice', 'Jane Austen', 'Kisah romansa yang berkembang antara Elizabeth Bennet dan Mr. Darcy.', 1813, 'Fiksi - Romansa', 'Bagus', 'Dipinjam'),
('B00318', 'Sapiens', 'Yuval Noah Harari', 'Sebuah eksplorasi tentang sejarah umat manusia dari masa prasejarah hingga era modern.', 2011, 'Non-Fiksi - Sejarah', 'Bagus', 'Tidak Dipinjam'),
('B00319', 'Supernova: Ksatria, Puteri, dan Bintang Jatuh', 'Dewi Lestari', 'Perpaduan antara cinta, sains, dan spiritualitas yang penuh filosofi.', 2001, 'Fiksi - Novel', 'Bagus', 'Tidak Dipinjam'),
('B00320', 'Wicked', 'Gregory Maguire', 'Kisah tentang sisi lain dari penyihir jahat di negeri Oz yang penuh dengan intrik dan perjuangan.', 1995, 'Fiksi - Fantasi', 'Bagus', 'Tidak Dipinjam'),
('B00321', 'Harry Potter and the Sorcerer''s Stone', 'J.K. Rowling', 'Kisah seorang anak yang menemukan dunia sihir di Hogwarts.', 1997, 'Fiksi - Fantasi', 'Rusak', 'Tidak Dipinjam'),
('B00322', 'Good to Great', 'Jim Collins', 'Panduan untuk membawa perusahaan dari yang baik menjadi hebat dalam waktu yang lama.', 2001, 'Non-Fiksi - Bisnis', 'Terdapat Coretan', 'Tidak Dipinjam'),
('B00323', 'The Seven Habits of Highly Effective People', 'Stephen R. Covey', 'Buku panduan tentang kebiasaan efektif untuk kesuksesan pribadi dan profesional.', 1989, 'Non-Fiksi - Pengembangan Diri', 'Bagus', 'Dipinjam'),
('B00324', 'The Brothers Karamazov', 'Fyodor Dostoevsky', 'Cerita tentang tiga saudara yang terlibat dalam konflik moral dan filsafat dalam kehidupan mereka.', 1880, 'Fiksi - Filosofi', 'Bagus', 'Tidak Dipinjam'),
('B00325', 'Verity', 'Colleen Hoover', 'Kisah menegangkan tentang seorang penulis yang menemukan rahasia gelap dalam kehidupan seorang novelis terkenal.', 2018, 'Fiksi - Thriller', 'Terdapat Coretan', 'Tidak Dipinjam'),
('B00326', 'Shatter Me', 'Tahereh Mafi', 'Petualangan seorang gadis dengan kekuatan yang dapat menghancurkan dunia.', 2011, 'Fiksi - Dystopia', 'Bagus', 'Tidak Dipinjam'),
('B00327', 'Fahrenheit 451', 'Ray Bradbury', 'Cerita tentang sebuah dunia dimana buku dibakar dan pemikirannya dianggap kejahatan.', 1953, 'Fiksi - Dystopia', 'Bagus', 'Tidak Dipinjam'),
('B00328', 'The Goldfinch', 'Donna Tartt', 'Kisah seorang anak yang hidupnya berubah setelah sebuah tragedi dan pencurian karya seni.', 2013, 'Fiksi - Drama', 'Halaman hilang', 'Tidak Dipinjam'),
('B00329', 'Madilog', 'Tan Malaka', 'Esai tentang materialisme, dialektika, dan logika dalam konteks perjuangan Indonesia.', 1943, 'Non-Fiksi - Filosofi', 'Bagus', 'Tidak Dipinjam'),
('B00330', 'The Fault in Our Stars', 'John Green', 'Perjalanan cinta dua remaja yang saling mencintai meski berjuang melawan kanker.', 2012, 'Fiksi - Romansa', 'Bagus', 'Tidak Dipinjam'),
('B00331', 'The Catcher in the Rye', 'J.D. Salinger', 'Seorang remaja yang berjuang dengan rasa kehilangan dan identitas dirinya.', 1951, 'Fiksi - Drama', 'Halaman hilang', 'Tidak Dipinjam'),
('B00332', 'Les Misérables', 'Victor Hugo', 'Seorang mantan narapidana yang berjuang untuk mendapatkan pengampunan di tengah revolusi Prancis.', 1862, 'Fiksi - Sejarah', 'Rusak', 'Tidak Dipinjam'),
('B00333', 'The 48 Laws of Power', 'Robert Greene', 'Buku panduan tentang cara memahami dan menggunakan kekuasaan dalam kehidupan sehari-hari.', 1998, 'Non-Fiksi - Strategi', 'Bagus', 'Tidak Dipinjam'),
('B00334', 'Pachinko', 'Min Jin Lee', 'Kisah epik tentang keluarga Korea di Jepang yang bertahan dari diskriminasi dan kesulitan.', 2017, 'Fiksi - Sejarah', 'Bagus', 'Tidak Dipinjam'),
('B00335', 'It Ends with Us', 'Colleen Hoover', 'Kisah emosional tentang cinta, kehilangan, dan keberanian untuk berubah.', 2016, 'Fiksi - Romansa', 'Bagus', 'Tidak Dipinjam'),
('B00336', 'Brida', 'Paulo Coelho', 'Cerita tentang seorang gadis yang mencari jati dirinya dalam dunia spiritual.', 1990, 'Fiksi - Fantasi', 'Bagus', 'Tidak Dipinjam'),
('B00337', 'The Shack', 'William P. Young', 'Seorang pria menerima undangan misterius ke sebuah pondok, di mana ia menemukan pengalaman spiritual yang mendalam.', 2007, 'Fiksi - Spiritualitas', 'Bagus', 'Dipinjam'),
('B00338', 'Heart of Darkness', 'Joseph Conrad', 'Seorang pria menceritakan pengalamannya mengarungi hutan belantara Afrika dan kebobrokan kolonialisme.', 1899, 'Fiksi - Petualangan', 'Bagus', 'Tidak Dipinjam'),
('B00339', '1984', 'George Orwell', 'Sebuah novel distopia tentang pengawasan totalitarian oleh pemerintah.', 1949, 'Fiksi - Fiksi Ilmiah', 'Halaman hilang', 'Tidak Dipinjam'),
('B00340', 'The Outsiders', 'S.E. Hinton', 'Perjuangan hidup remaja yang berasal dari dua kelas sosial yang berbeda di Amerika Serikat pada tahun 1960-an.', 1967, 'Fiksi - Remaja', 'Bagus', 'Tidak Dipinjam'),
('B00341', 'Cirque du Freak', 'Darren Shan', 'Kisah tentang seorang remaja yang menjadi vampire dan terlibat dalam dunia sirkus aneh.', 2000, 'Fiksi - Fantasi', 'Bagus', 'Tidak Dipinjam'),
('B00342', 'Life of Pi', 'Yann Martel', 'Pi Patel bertahan hidup selama berbulan-bulan di lautan dengan seekor harimau Bengal di atas perahu kecil.', 2001, 'Fiksi - Petualangan', 'Bagus', 'Tidak Dipinjam'),
('B00343', 'American Dirt', 'Jeanine Cummins', 'Kisah seorang ibu dan anak yang melarikan diri dari kekerasan kartel narkoba di Meksiko menuju Amerika Serikat.', 2020, 'Fiksi - Drama', 'Bagus', 'Tidak Dipinjam'),
('B00344', 'It Ends with Us', 'Colleen Hoover', 'Kisah emosional tentang cinta, kehilangan, dan keberanian untuk berubah.', 2016, 'Fiksi - Romansa', 'Bagus', 'Dipinjam'),
('B00345', 'Slaughterhouse-Five', 'Kurt Vonnegut', 'Seorang tentara yang terjebak dalam waktu, menghadapi pertempuran Perang Dunia II dan perjalanan luar angkasa yang aneh.', 1969, 'Fiksi - Perang', 'Halaman hilang', 'Tidak Dipinjam'),
('B00346', 'Harry Potter and the Sorcerer''s Stone', 'J.K. Rowling', 'Kisah seorang anak yang menemukan dunia sihir di Hogwarts.', 1997, 'Fiksi - Fantasi', 'Bagus', 'Tidak Dipinjam'),
('B00347', 'The Catcher in the Rye', 'J.D. Salinger', 'Seorang remaja yang berjuang dengan rasa kehilangan dan identitas dirinya.', 1951, 'Fiksi - Drama', 'Bagus', 'Tidak Dipinjam'),
('B00348', 'The Brothers Karamazov', 'Fyodor Dostoevsky', 'Cerita tentang tiga saudara yang terlibat dalam konflik moral dan filsafat dalam kehidupan mereka.', 1880, 'Fiksi - Filosofi', 'Bagus', 'Tidak Dipinjam'),
('B00349', 'Time Traveler''s Wife', 'Audrey Niffenegger', 'Cinta yang terjalin meski terhalang oleh perjalanan waktu.', 2003, 'Fiksi - Romansa', 'Bagus', 'Dipinjam'),
('B00350', 'The Secret', 'Rhonda Byrne', 'Petunjuk praktis untuk mewujudkan impian melalui pemikiran positif dan hukum tarik-menarik.', 2006, 'Non-Fiksi - Motivasi', 'Bagus', 'Tidak Dipinjam'),
('B00351', 'Circe', 'Madeline Miller', 'Petualangan mitologi Circe, penyihir dalam epik Yunani.', 2018, 'Fiksi - Mitologi', 'Bagus', 'Dipinjam'),
('B00352', 'A Man Called Ove', 'Fredrik Backman', 'Kisah tentang seorang pria pemarah yang hidupnya berubah karena tetangganya yang penuh warna.', 2012, 'Fiksi - Drama', 'Bagus', 'Tidak Dipinjam'),
('B00353', 'The Outsiders', 'S.E. Hinton', 'Cerita tentang kehidupan dua kelompok remaja dengan latar belakang sosial yang berbeda di Amerika Serikat.', 1967, 'Fiksi - Remaja', 'Bagus', 'Tidak Dipinjam'),
('B00354', 'Untamed', 'Glennon Doyle', 'Cerita tentang kebebasan, cinta, dan menjalani hidup yang autentik.', 2020, 'Non-Fiksi - Memoar', 'Bagus', 'Tidak Dipinjam'),
('B00355', 'The Midnight Library', 'Matt Haig', 'Kisah seorang wanita yang menemukan kesempatan untuk menghidupkan kembali berbagai kemungkinan hidupnya.', 2020, 'Fiksi - Filosofi', 'Bagus', 'Tidak Dipinjam'),
('B00356', 'Great Expectations', 'Charles Dickens', 'Perjalanan seorang anak yatim piatu bernama Pip yang bermimpi menjadi orang besar dalam hidupnya.', 1861, 'Fiksi - Klasik', 'Bagus', 'Tidak Dipinjam'),
('B00357', 'Thinking, Fast and Slow', 'Daniel Kahneman', 'Panduan memahami bagaimana pikiran manusia bekerja dalam pengambilan keputusan.', 2011, 'Non-Fiksi - Psikologi', 'Bagus', 'Dipinjam'),
('B00358', 'A Court of Thorns and Roses', 'Sarah J. Maas', 'Kisah seorang wanita yang terjebak di dunia peri setelah membunuh seekor serigala misterius.', 2015, 'Fiksi - Fantasi', 'Bagus', 'Dipinjam'),
('B00359', 'Babad Tanah Jawi', 'Anonim', 'Kisah-kisah tradisional tentang sejarah Jawa dari perspektif legenda dan mitologi.', 2020, 'Non-Fiksi - Sejarah', 'Bagus', 'Tidak Dipinjam'),
('B00360', 'The Henna Artist', 'Alka Joshi', 'Kisah seorang seniman henna di Jaipur yang berjuang untuk independensi dan cinta.', 2020, 'Fiksi - Drama', 'Bagus', 'Tidak Dipinjam'),
('B00361', 'Supernova: Partikel', 'Dewi Lestari', 'Petualangan dalam menemukan makna eksistensi dan spiritualitas.', 2012, 'Fiksi - Novel', 'Bagus', 'Tidak Dipinjam'),
('B00362', 'Before We Were Strangers', 'Renée Carlino', 'Kisah cinta yang bersemi kembali setelah 15 tahun terpisah.', 2015, 'Fiksi - Romansa', 'Bagus', 'Tidak Dipinjam'),
('B00363', 'Les Misérables', 'Victor Hugo', 'Seorang mantan narapidana yang berjuang untuk mendapatkan pengampunan di tengah revolusi Prancis.', 1862, 'Fiksi - Sejarah', 'Bagus', 'Tidak Dipinjam'),
('B00364', 'Waking Up', 'Sam Harris', 'Buku tentang kesadaran, meditasi, dan cara untuk hidup dengan penuh kesadaran.', 2014, 'Non-Fiksi - Spiritualitas', 'Bagus', 'Tidak Dipinjam'),
('B00365', 'The Girl on the Train', 'Paula Hawkins', 'Seorang wanita yang terjebak dalam misteri hilangnya seorang perempuan yang ia lihat setiap hari di kereta.', 2015, 'Fiksi - Thriller', 'Bagus', 'Dipinjam'),
('B00366', 'Seperti Dendam, Rindu Harus Dibayar Tuntas', 'Eka Kurniawan', 'Novel ini menggambarkan kisah cinta yang penuh dengan perjuangan dan penyesalan.', 2014, 'Fiksi - Novel', 'Bagus', 'Dipinjam'),
('B00367', 'The Great Gatsby', 'F. Scott Fitzgerald', 'Kisah cinta tragis dan ambisi di tengah kehidupan glamour di New York.', 1925, 'Fiksi - Drama', 'Bagus', 'Tidak Dipinjam'),
('B00368', 'Bulan', 'Tere Liye', 'Kelanjutan kisah petualangan Raib, Seli, dan Ali di dunia paralel.', 2015, 'Fiksi - Fantasi', 'Bagus', 'Tidak Dipinjam'),
('B00369', 'Small Great Things', 'Jodi Picoult', 'Kisah tentang rasisme, hak asasi manusia, dan empati dalam sebuah kasus medis.', 2016, 'Fiksi - Drama', 'Bagus', 'Tidak Dipinjam'),
('B00370', 'Sapiens', 'Yuval Noah Harari', 'Sebuah eksplorasi tentang sejarah umat manusia dari masa prasejarah hingga era modern.', 2011, 'Non-Fiksi - Sejarah', 'Bagus', 'Tidak Dipinjam'),
('B00371', 'Jane Eyre', 'Charlotte Brontë', 'Cerita tentang kehidupan dan perjuangan Jane Eyre yang menjadi seorang wanita kuat meskipun menghadapi banyak rintangan.', 1847, 'Fiksi - Romansa', 'Bagus', 'Tidak Dipinjam'),
('B00372', 'Shatter Me', 'Tahereh Mafi', 'Petualangan seorang gadis dengan kekuatan yang dapat menghancurkan dunia.', 2011, 'Fiksi - Dystopia', 'Bagus', 'Tidak Dipinjam'),
('B00373', 'The 5 AM Club', 'Robin Sharma', 'Strategi bangun pagi untuk produktivitas dan kesuksesan hidup.', 2018, 'Non-Fiksi - Motivasi', 'Bagus', 'Tidak Dipinjam'),
('B00374', 'Be Here Now', 'Ram Dass', 'Buku tentang penerimaan diri dan pentingnya berada di saat ini dengan penuh kesadaran.', 1971, 'Non-Fiksi - Spiritualitas', 'Bagus', 'Tidak Dipinjam'),
('B00375', 'Think and Grow Rich', 'Napoleon Hill', 'Panduan klasik tentang prinsip-prinsip untuk mencapai kesuksesan finansial dan pribadi.', 1937, 'Non-Fiksi - Bisnis', 'Bagus', 'Tidak Dipinjam'),
('B00376', 'Di Tepi Laut', 'Andrea Hirata', 'Perjalanan hidup seseorang yang diwarnai oleh kisah cinta dan impian di desa kecil.', 2020, 'Fiksi - Novel', 'Halaman hilang', 'Tidak Dipinjam'),
('B00377', 'The Night Circus', 'Erin Morgenstern', 'Seorang sirkus yang misterius dan fantastik dengan elemen sihir di dalamnya.', 2011, 'Fiksi - Fantasi', 'Bagus', 'Tidak Dipinjam'),
('B00378', 'The Maze Runner', 'James Dashner', 'Sekelompok remaja berusaha melarikan diri dari labirin misterius yang penuh jebakan mematikan.', 2009, 'Fiksi - Dystopia', 'Bagus', 'Tidak Dipinjam'),
('B00379', 'The Night Circus', 'Erin Morgenstern', 'Seorang sirkus yang misterius dan fantastik dengan elemen sihir di dalamnya.', 2011, 'Fiksi - Fantasi', 'Bagus', 'Tidak Dipinjam'),
('B00380', 'Life of Pi', 'Yann Martel', 'Pi Patel bertahan hidup selama berbulan-bulan di lautan dengan seekor harimau Bengal di atas perahu kecil.', 2001, 'Fiksi - Petualangan', 'Rusak', 'Tidak Dipinjam'),
('B00381', 'Frankenstein', 'Mary Shelley', 'Cerita horor klasik tentang ilmuwan yang menciptakan monster yang mengerikan.', 1818, 'Fiksi - Horor', 'Rusak', 'Tidak Dipinjam'),
('B00382', 'Catch-22', 'Joseph Heller', 'Sebuah cerita satir tentang perang dan kontradiksi dalam situasi yang penuh absurditas.', 1961, 'Fiksi - Satire', 'Bagus', 'Tidak Dipinjam'),
('B00383', 'Charlotte''s Web', 'E.B. White', 'Kisah persahabatan antara seekor babi bernama Wilbur dan seekor laba-laba bernama Charlotte.', 1952, 'Fiksi - Anak', 'Bagus', 'Tidak Dipinjam'),
('B00384', 'Ulysses', 'James Joyce', 'Sebuah perjalanan simbolik dari kehidupan sehari-hari di Dublin yang penuh dengan referensi sastra dan filosofis.', 1922, 'Fiksi - Klasik', 'Bagus', 'Tidak Dipinjam'),
('B00385', 'Shantaram', 'Gregory David Roberts', 'Seorang buronan dari Australia yang melarikan diri ke India dan menjadi bagian dari dunia bawah tanah Mumbai.', 2003, 'Fiksi - Petualangan', 'Rusak', 'Tidak Dipinjam'),
('B00386', 'A Court of Thorns and Roses', 'Sarah J. Maas', 'Kisah seorang wanita yang terjebak di dunia peri setelah membunuh seekor serigala misterius.', 2015, 'Fiksi - Fantasi', 'Bagus', 'Tidak Dipinjam'),
('B00387', 'The Great Gatsby', 'F. Scott Fitzgerald', 'Kisah cinta tragis dan ambisi di tengah kehidupan glamour di New York.', 1925, 'Fiksi - Drama', 'Bagus', 'Tidak Dipinjam'),
('B00388', 'Malibu Rising', 'Taylor Jenkins Reid', 'Kisah tentang sebuah pesta yang mengubah hidup keluarga terkenal di Malibu.', 2021, 'Fiksi - Drama', 'Bagus', 'Tidak Dipinjam'),
('B00389', 'Heart of Darkness', 'Joseph Conrad', 'Seorang pria menceritakan pengalamannya mengarungi hutan belantara Afrika dan kebobrokan kolonialisme.', 1899, 'Fiksi - Petualangan', 'Bagus', 'Tidak Dipinjam'),
('B00390', 'Thinking, Fast and Slow', 'Daniel Kahneman', 'Panduan memahami bagaimana pikiran manusia bekerja dalam pengambilan keputusan.', 2011, 'Non-Fiksi - Psikologi', 'Rusak', 'Tidak Dipinjam'),
('B00391', 'The Count of Monte Cristo', 'Alexandre Dumas', 'Seorang pria muda merencanakan balas dendam setelah dipenjara secara tidak adil.', 1844, 'Fiksi - Petualangan', 'Bagus', 'Tidak Dipinjam'),
('B00392', 'The Happiness Project', 'Gretchen Rubin', 'Kisah pencarian kebahagiaan melalui perubahan kebiasaan sehari-hari.', 2009, 'Non-Fiksi - Motivasi', 'Bagus', 'Tidak Dipinjam'),
('B00393', 'The Secret', 'Rhonda Byrne', 'Petunjuk praktis untuk mewujudkan impian melalui pemikiran positif dan hukum tarik-menarik.', 2006, 'Non-Fiksi - Motivasi', 'Bagus', 'Tidak Dipinjam'),
('B00394', 'Outliers', 'Malcolm Gladwell', 'Buku ini mengeksplorasi apa yang membuat orang luar biasa berhasil dan bagaimana faktor lingkungan memengaruhi kesuksesan.', 2008, 'Non-Fiksi - Sosial', 'Bagus', 'Tidak Dipinjam'),
('B00395', 'Supernova: Ksatria, Puteri, dan Bintang Jatuh', 'Dewi Lestari', 'Perpaduan antara cinta, sains, dan spiritualitas yang penuh filosofi.', 2001, 'Fiksi - Novel', 'Bagus', 'Tidak Dipinjam'),
('B00396', 'Girl, Wash Your Face', 'Rachel Hollis', 'Buku inspiratif yang menantang pembaca untuk menghentikan kebohongan yang membatasi diri.', 2018, 'Non-Fiksi - Motivasi', 'Terdapat Coretan', 'Tidak Dipinjam'),
('B00397', 'Ikigai', 'Héctor García dan Francesc Miralles', 'Panduan untuk menemukan tujuan hidup dengan cara Jepang.', 2016, 'Non-Fiksi - Motivasi', 'Bagus', 'Tidak Dipinjam'),
('B00398', 'The Unbearable Lightness of Being', 'Milan Kundera', 'Novel tentang kehidupan, kebebasan, dan pengorbanan di tengah konflik sejarah.', 1984, 'Fiksi - Drama', 'Bagus', 'Dipinjam'),
('B00399', 'Verity', 'Colleen Hoover', 'Kisah menegangkan tentang seorang penulis yang menemukan rahasia gelap dalam kehidupan seorang novelis terkenal.', 2018, 'Fiksi - Thriller', 'Bagus', 'Tidak Dipinjam'),
('B00400', 'The Hunger Games', 'Suzanne Collins', 'Sebuah pertandingan bertahan hidup di dunia distopia yang kejam.', 2008, 'Fiksi - Fantasi', 'Bagus', 'Dipinjam'),
('B00401', 'Lord of the Rings', 'J.R.R. Tolkien', 'Petualangan epik untuk menghancurkan cincin yang memiliki kekuatan besar di dunia fantasi Middle-earth.', 1954, 'Fiksi - Fantasi', 'Bagus', 'Tidak Dipinjam'),
('B00402', 'The Fault in Our Stars', 'John Green', 'Perjalanan cinta dua remaja yang saling mencintai meski berjuang melawan kanker.', 2012, 'Fiksi - Romansa', 'Bagus', 'Dipinjam'),
('B00403', 'Circe', 'Madeline Miller', 'Petualangan mitologi Circe, penyihir dalam epik Yunani.', 2018, 'Fiksi - Mitologi', 'Rusak', 'Tidak Dipinjam'),
('B00404', 'Charlotte''s Web', 'E.B. White', 'Kisah persahabatan antara seekor babi bernama Wilbur dan seekor laba-laba bernama Charlotte.', 1952, 'Fiksi - Anak', 'Bagus', 'Tidak Dipinjam'),
('B00405', 'The Goldfinch', 'Donna Tartt', 'Kisah seorang anak yang hidupnya berubah setelah sebuah tragedi dan pencurian karya seni.', 2013, 'Fiksi - Drama', 'Bagus', 'Tidak Dipinjam'),
('B00406', 'Circe', 'Madeline Miller', 'Petualangan mitologi Circe, penyihir dalam epik Yunani.', 2018, 'Fiksi - Mitologi', 'Halaman hilang', 'Tidak Dipinjam'),
('B00407', 'Big Little Lies', 'Liane Moriarty', 'Kisah persahabatan antara tiga ibu yang terlibat dalam misteri pembunuhan di komunitas mereka.', 2014, 'Fiksi - Drama', 'Bagus', 'Tidak Dipinjam'),
('B00408', 'The Great Gatsby', 'F. Scott Fitzgerald', 'Kisah cinta tragis dan ambisi di tengah kehidupan glamour di New York.', 1925, 'Fiksi - Drama', 'Bagus', 'Tidak Dipinjam'),
('B00409', 'Les Misérables', 'Victor Hugo', 'Seorang mantan narapidana yang berjuang untuk mendapatkan pengampunan di tengah revolusi Prancis.', 1862, 'Fiksi - Sejarah', 'Bagus', 'Tidak Dipinjam'),
('B00410', 'Treasure Island', 'Robert Louis Stevenson', 'Seorang pemuda memulai petualangan mencari harta karun dengan sekelompok bajak laut.', 1883, 'Fiksi - Petualangan', 'Bagus', 'Tidak Dipinjam'),
('B00411', 'The Song of Achilles', 'Madeline Miller', 'Kisah cinta dan tragedi Patroclus dan Achilles dalam mitologi Yunani.', 2011, 'Fiksi - Mitologi', 'Bagus', 'Tidak Dipinjam'),
('B00412', 'Laut Bercerita', 'Leila S. Chudori', 'Kisah para aktivis yang hilang di masa Orde Baru Indonesia.', 2017, 'Fiksi - Sejarah', 'Bagus', 'Dipinjam'),
('B00413', 'The Alchemist', 'Paulo Coelho', 'Kisah seorang penggembala muda yang mencari harta karun dan menemukan makna hidup.', 1988, 'Fiksi - Filosofi', 'Bagus', 'Tidak Dipinjam'),
('B00414', 'Sebuah Seni untuk Bersikap Bodo Amat', 'Mark Manson', 'Panduan untuk fokus pada hal-hal yang benar-benar penting dalam hidup.', 2018, 'Non-Fiksi - Motivasi', 'Bagus', 'Tidak Dipinjam'),
('B00415', 'Malibu Rising', 'Taylor Jenkins Reid', 'Kisah tentang sebuah pesta yang mengubah hidup keluarga terkenal di Malibu.', 2021, 'Fiksi - Drama', 'Bagus', 'Tidak Dipinjam'),
('B00416', 'The Power of Now', 'Eckhart Tolle', 'Buku panduan untuk hidup dengan penuh kesadaran dan damai di saat ini.', 1997, 'Non-Fiksi - Spiritualitas', 'Bagus', 'Tidak Dipinjam'),
('B00417', 'Heart of Darkness', 'Joseph Conrad', 'Seorang pria menceritakan pengalamannya mengarungi hutan belantara Afrika dan kebobrokan kolonialisme.', 1899, 'Fiksi - Petualangan', 'Bagus', 'Tidak Dipinjam'),
('B00418', 'Ulysses', 'James Joyce', 'Sebuah perjalanan simbolik dari kehidupan sehari-hari di Dublin yang penuh dengan referensi sastra dan filosofis.', 1922, 'Fiksi - Klasik', 'Bagus', 'Dipinjam'),
('B00419', 'Bumi', 'Tere Liye', 'Petualangan Raib, Seli, dan Ali yang penuh misteri di dunia paralel.', 2014, 'Fiksi - Fantasi', 'Bagus', 'Tidak Dipinjam'),
('B00420', 'The Silent Patient', 'Alex Michaelides', 'Kisah misteri tentang seorang pelukis yang berhenti bicara setelah insiden tragis.', 2019, 'Fiksi - Thriller', 'Bagus', 'Tidak Dipinjam'),
('B00421', 'Wicked', 'Gregory Maguire', 'Kisah tentang sisi lain dari penyihir jahat di negeri Oz yang penuh dengan intrik dan perjuangan.', 1995, 'Fiksi - Fantasi', 'Halaman hilang', 'Tidak Dipinjam'),
('B00422', 'Digital Fortress', 'Dan Brown', 'Sebuah cerita tentang ancaman keamanan digital dan konspirasi di baliknya.', 1998, 'Fiksi - Thriller', 'Bagus', 'Dipinjam'),
('B00423', 'The Secret History', 'Donna Tartt', 'Kisah sekelompok mahasiswa yang terlibat dalam pembunuhan setelah terobsesi dengan keindahan seni dan kegelapan.', 1992, 'Fiksi - Misteri', 'Bagus', 'Dipinjam'),
('B00424', 'The Hunger Games', 'Suzanne Collins', 'Sebuah pertandingan bertahan hidup di dunia distopia yang kejam.', 2008, 'Fiksi - Fantasi', 'Bagus', 'Tidak Dipinjam'),
('B00425', 'Laut Bercerita', 'Leila S. Chudori', 'Kisah para aktivis yang hilang di masa Orde Baru Indonesia.', 2017, 'Fiksi - Sejarah', 'Bagus', 'Tidak Dipinjam'),
('B00426', 'The Outsiders', 'S.E. Hinton', 'Cerita tentang kehidupan dua kelompok remaja dengan latar belakang sosial yang berbeda di Amerika Serikat.', 1967, 'Fiksi - Remaja', 'Bagus', 'Tidak Dipinjam'),
('B00427', 'Norwegian Wood', 'Haruki Murakami', 'Kisah cinta, kehilangan, dan pencarian identitas diri di Tokyo.', 1987, 'Fiksi - Romansa', 'Bagus', 'Tidak Dipinjam'),
('B00428', 'Where the Forest Meets the Stars', 'Glendy Vanderah', 'Kisah tentang seorang wanita yang berusaha merawat dua anak yang membawa harapan dan cinta yang luar biasa.', 2019, 'Fiksi - Drama', 'Bagus', 'Tidak Dipinjam'),
('B00429', 'Waking Up', 'Sam Harris', 'Buku tentang kesadaran, meditasi, dan cara untuk hidup dengan penuh kesadaran.', 2014, 'Non-Fiksi - Spiritualitas', 'Halaman hilang', 'Tidak Dipinjam'),
('B00430', 'Ulysses', 'James Joyce', 'Sebuah perjalanan simbolik dari kehidupan sehari-hari di Dublin yang penuh dengan referensi sastra dan filosofis.', 1922, 'Fiksi - Klasik', 'Bagus', 'Tidak Dipinjam'),
('B00431', 'The Tattooist of Auschwitz', 'Heather Morris', 'Seorang pria yang menjadi tatois di kamp konsentrasi Auschwitz dan kisah cintanya yang tak terduga.', 2018, 'Fiksi - Sejarah', 'Bagus', 'Tidak Dipinjam'),
('B00432', 'The Secret History', 'Donna Tartt', 'Kisah sekelompok mahasiswa yang terlibat dalam pembunuhan setelah terobsesi dengan keindahan seni dan kegelapan.', 1992, 'Fiksi - Misteri', 'Halaman hilang', 'Tidak Dipinjam'),
('B00433', 'The Shadow of the Wind', 'Carlos Ruiz Zafón', 'Kisah petualangan seorang anak laki-laki yang menemukan buku terlarang dan rahasia gelap di baliknya.', 2001, 'Fiksi - Misteri', 'Rusak', 'Tidak Dipinjam'),
('B00434', 'Sapiens', 'Yuval Noah Harari', 'Sebuah eksplorasi tentang sejarah umat manusia dari masa prasejarah hingga era modern.', 2011, 'Non-Fiksi - Sejarah', 'Terdapat Coretan', 'Tidak Dipinjam'),
('B00435', 'Man''s Search for Meaning', 'Viktor E. Frankl', 'Pengalaman seorang tahanan kamp konsentrasi dan filsafat logoterapi.', 1946, 'Non-Fiksi - Psikologi', 'Bagus', 'Tidak Dipinjam'),
('B00436', 'The Night Watchman', 'Louise Erdrich', 'Kisah inspiratif tentang perjuangan penduduk asli Amerika dalam mempertahankan hak-haknya.', 2020, 'Fiksi - Sejarah', 'Halaman hilang', 'Tidak Dipinjam'),
('B00437', 'The Midnight Library', 'Matt Haig', 'Kisah seorang wanita yang menemukan kesempatan untuk menghidupkan kembali berbagai kemungkinan hidupnya.', 2020, 'Fiksi - Filosofi', 'Bagus', 'Tidak Dipinjam'),
('B00438', 'The Overstory', 'Richard Powers', 'Cerita epik tentang manusia dan pohon, serta hubungan di antara mereka.', 2018, 'Fiksi - Lingkungan', 'Bagus', 'Dipinjam'),
('B00439', 'Malibu Rising', 'Taylor Jenkins Reid', 'Kisah tentang sebuah pesta yang mengubah hidup keluarga terkenal di Malibu.', 2021, 'Fiksi - Drama', 'Bagus', 'Tidak Dipinjam'),
('B00440', 'Norwegian Wood', 'Haruki Murakami', 'Kisah cinta, kehilangan, dan pencarian identitas diri di Tokyo.', 1987, 'Fiksi - Romansa', 'Rusak', 'Tidak Dipinjam'),
('B00441', 'Dear John', 'Nicholas Sparks', 'Romansa tentang cinta yang terpisah karena perang.', 2006, 'Fiksi - Romansa', 'Bagus', 'Tidak Dipinjam'),
('B00442', 'Atlas Shrugged', 'Ayn Rand', 'Cerita tentang tokoh-tokoh dalam masyarakat kapitalis yang mencoba menemukan arti kehidupan dan kebebasan individu.', 1957, 'Fiksi - Filosofi', 'Rusak', 'Tidak Dipinjam'),
('B00443', 'Alchemist', 'Paulo Coelho', 'Cerita tentang seorang pengembara yang mengejar mimpinya menuju harta karun.', 1988, 'Fiksi - Inspirasi', 'Bagus', 'Tidak Dipinjam'),
('B00444', 'Educated', 'Tara Westover', 'Kisah seorang wanita yang melarikan diri dari keluarga radikal untuk mendapatkan pendidikan formal.', 2018, 'Non-Fiksi - Memoar', 'Bagus', 'Tidak Dipinjam'),
('B00445', 'Long Walk to Freedom', 'Nelson Mandela', 'Autobiografi dari Nelson Mandela yang menceritakan perjuangannya melawan apartheid di Afrika Selatan.', 1994, 'Non-Fiksi - Biografi', 'Rusak', 'Tidak Dipinjam'),
('B00446', 'Bumi', 'Tere Liye', 'Petualangan Raib, Seli, dan Ali yang penuh misteri di dunia paralel.', 2014, 'Fiksi - Fantasi', 'Bagus', 'Tidak Dipinjam'),
('B00447', 'Wicked', 'Gregory Maguire', 'Kisah tentang sisi lain dari penyihir jahat di negeri Oz yang penuh dengan intrik dan perjuangan.', 1995, 'Fiksi - Fantasi', 'Bagus', 'Dipinjam'),
('B00448', 'One Flew Over the Cuckoo''s Nest', 'Kenneth Kesey', 'Cerita tentang kehidupan di rumah sakit jiwa dan pergulatan seorang pria dengan sistem yang opresif.', 1962, 'Fiksi - Psikologi', 'Bagus', 'Tidak Dipinjam'),
('B00449', '1984', 'George Orwell', 'Sebuah novel distopia tentang pengawasan totalitarian oleh pemerintah.', 1949, 'Fiksi - Fiksi Ilmiah', 'Bagus', 'Tidak Dipinjam'),
('B00450', 'The Giver', 'Lois Lowry', 'Jonas, seorang remaja, menemukan kebenaran mengejutkan tentang masyarakatnya yang tampak sempurna.', 1993, 'Fiksi - Dystopia', 'Bagus', 'Tidak Dipinjam'),
('B00451', 'A Tale of Two Cities', 'Charles Dickens', 'Kisah cinta dan pengorbanan selama Revolusi Prancis di London dan Paris.', 1859, 'Fiksi - Sejarah', 'Bagus', 'Tidak Dipinjam'),
('B00452', 'The 48 Laws of Power', 'Robert Greene', 'Buku panduan tentang cara memahami dan menggunakan kekuasaan dalam kehidupan sehari-hari.', 1998, 'Non-Fiksi - Strategi', 'Bagus', 'Tidak Dipinjam'),
('B00453', 'The Dutch House', 'Ann Patchett', 'Kisah keluarga yang menghadapi cinta dan kehilangan selama beberapa dekade.', 2019, 'Fiksi - Drama', 'Bagus', 'Tidak Dipinjam'),
('B00454', 'Think and Grow Rich', 'Napoleon Hill', 'Panduan klasik tentang prinsip-prinsip untuk mencapai kesuksesan finansial dan pribadi.', 1937, 'Non-Fiksi - Bisnis', 'Bagus', 'Tidak Dipinjam'),
('B00455', 'Diary of a Wimpy Kid', 'Jeff Kinney', 'Kisah humor tentang kehidupan seorang anak remaja bernama Greg Heffley yang berjuang melalui kehidupan sekolah dan keluarga.', 2007, 'Fiksi - Anak-Anak', 'Bagus', 'Tidak Dipinjam'),
('B00456', 'The Old Man and the Sea', 'Ernest Hemingway', 'Seorang nelayan tua berjuang untuk menangkap ikan marlin raksasa yang akan membuktikan kemampuannya sebagai seorang pelaut.', 1952, 'Fiksi - Petualangan', 'Bagus', 'Tidak Dipinjam'),
('B00457', 'Outliers', 'Malcolm Gladwell', 'Buku ini mengeksplorasi apa yang membuat orang luar biasa berhasil dan bagaimana faktor lingkungan memengaruhi kesuksesan.', 2008, 'Non-Fiksi - Sosial', 'Bagus', 'Dipinjam'),
('B00458', 'The Paris Library', 'Janet Skeslien Charles', 'Petualangan pustakawan di masa pendudukan Nazi di Paris.', 2021, 'Fiksi - Sejarah', 'Bagus', 'Dipinjam'),
('B00459', 'The Shadow of the Wind', 'Carlos Ruiz Zafón', 'Kisah petualangan seorang anak laki-laki yang menemukan buku terlarang dan rahasia gelap di baliknya.', 2001, 'Fiksi - Misteri', 'Rusak', 'Tidak Dipinjam'),
('B00460', 'Ulysses', 'James Joyce', 'Sebuah perjalanan simbolik dari kehidupan sehari-hari di Dublin yang penuh dengan referensi sastra dan filosofis.', 1922, 'Fiksi - Klasik', 'Bagus', 'Tidak Dipinjam'),
('B00461', 'The Paris Library', 'Janet Skeslien Charles', 'Petualangan pustakawan di masa pendudukan Nazi di Paris.', 2021, 'Fiksi - Sejarah', 'Bagus', 'Tidak Dipinjam'),
('B00462', 'Sang Pemimpi', 'Andrea Hirata', 'Melanjutkan kisah dalam Laskar Pelangi, menceritakan tentang impian dan perjuangan.', 2006, 'Fiksi - Novel', 'Terdapat Coretan', 'Tidak Dipinjam'),
('B00463', 'The Hunger Games', 'Suzanne Collins', 'Sebuah pertandingan bertahan hidup di dunia distopia yang kejam.', 2008, 'Fiksi - Fantasi', 'Terdapat Coretan', 'Tidak Dipinjam'),
('B00464', 'The Giver', 'Lois Lowry', 'Jonas, seorang remaja, menemukan kebenaran mengejutkan tentang masyarakatnya yang tampak sempurna.', 1993, 'Fiksi - Dystopia', 'Bagus', 'Tidak Dipinjam'),
('B00465', 'Alice''s Adventures in Wonderland', 'Lewis Carroll', 'Alice jatuh ke lubang kelinci dan menemukan dunia yang penuh keajaiban dan makhluk aneh.', 1865, 'Fiksi - Fantasi', 'Bagus', 'Tidak Dipinjam'),
('B00466', 'Sang Penandai', 'Tere Liye', 'Petualangan seorang pemuda dalam mencari arti cinta sejati.', 2006, 'Fiksi - Inspirasi', 'Bagus', 'Dipinjam'),
('B00467', 'The Count of Monte Cristo', 'Alexandre Dumas', 'Seorang pria muda merencanakan balas dendam setelah dipenjara secara tidak adil.', 1844, 'Fiksi - Petualangan', 'Bagus', 'Tidak Dipinjam'),
('B00468', 'Seven Years in Tibet', 'Heinrich Harrer', 'Kisah perjalanan Heinrich Harrer yang tinggal di Tibet selama tujuh tahun dan persahabatannya dengan Dalai Lama muda.', 1952, 'Non-Fiksi - Petualangan', 'Bagus', 'Tidak Dipinjam'),
('B00469', 'Laut Bercerita', 'Leila S. Chudori', 'Kisah para aktivis yang hilang di masa Orde Baru Indonesia.', 2017, 'Fiksi - Sejarah', 'Rusak', 'Tidak Dipinjam'),
('B00470', 'Good to Great', 'Jim Collins', 'Panduan untuk membawa perusahaan dari yang baik menjadi hebat dalam waktu yang lama.', 2001, 'Non-Fiksi - Bisnis', 'Bagus', 'Tidak Dipinjam'),
('B00471', 'Bumi', 'Tere Liye', 'Petualangan Raib, Seli, dan Ali yang penuh misteri di dunia paralel.', 2014, 'Fiksi - Fantasi', 'Bagus', 'Tidak Dipinjam'),
('B00472', 'Digital Fortress', 'Dan Brown', 'Sebuah cerita tentang ancaman keamanan digital dan konspirasi di baliknya.', 1998, 'Fiksi - Thriller', 'Bagus', 'Tidak Dipinjam'),
('B00473', 'Great Expectations', 'Charles Dickens', 'Perjalanan seorang anak yatim piatu bernama Pip yang bermimpi menjadi orang besar dalam hidupnya.', 1861, 'Fiksi - Klasik', 'Bagus', 'Tidak Dipinjam'),
('B00474', 'Treasure Island', 'Robert Louis Stevenson', 'Seorang pemuda memulai petualangan mencari harta karun dengan sekelompok bajak laut.', 1883, 'Fiksi - Petualangan', 'Bagus', 'Tidak Dipinjam'),
('B00475', 'Where the Forest Meets the Stars', 'Glendy Vanderah', 'Kisah tentang seorang wanita yang berusaha merawat dua anak yang membawa harapan dan cinta yang luar biasa.', 2019, 'Fiksi - Drama', 'Halaman hilang', 'Tidak Dipinjam'),
('B00476', 'The Secret', 'Rhonda Byrne', 'Petunjuk praktis untuk mewujudkan impian melalui pemikiran positif dan hukum tarik-menarik.', 2006, 'Non-Fiksi - Motivasi', 'Bagus', 'Tidak Dipinjam'),
('B00477', 'The Four Agreements', 'Don Miguel Ruiz', 'Empat prinsip sederhana untuk hidup damai dan bermakna.', 1997, 'Non-Fiksi - Spiritualitas', 'Bagus', 'Tidak Dipinjam'),
('B00478', 'Supernova: Partikel', 'Dewi Lestari', 'Petualangan dalam menemukan makna eksistensi dan spiritualitas.', 2012, 'Fiksi - Novel', 'Bagus', 'Dipinjam'),
('B00479', 'The Art of War', 'Sun Tzu', 'Panduan klasik tentang strategi perang dan manajemen konflik.', -500, 'Non-Fiksi - Strategi', 'Bagus', 'Tidak Dipinjam'),
('B00480', 'The Scarlet Letter', 'Nathaniel Hawthorne', 'Kisah seorang wanita yang dihukum karena perzinahan di komunitas Puritan abad ke-17.', 1850, 'Fiksi - Klasik', 'Bagus', 'Tidak Dipinjam'),
('B00481', 'Hujan', 'Tere Liye', 'Kisah cinta yang penuh dengan kenangan dan pertemuan kembali di masa lalu.', 2016, 'Fiksi - Novel', 'Bagus', 'Tidak Dipinjam'),
('B00482', 'Harry Potter and the Chamber of Secrets', 'J.K. Rowling', 'Petualangan Harry Potter dalam mengungkap misteri yang ada di dalam Chamber of Secrets.', 1998, 'Fiksi - Fantasi', 'Bagus', 'Tidak Dipinjam'),
('B00483', 'Little Women', 'Louisa May Alcott', 'Empat saudara perempuan belajar tentang cinta, kehilangan, dan impian mereka saat tumbuh dewasa.', 1868, 'Fiksi - Klasik', 'Bagus', 'Tidak Dipinjam'),
('B00484', 'The Prophet', 'Kahlil Gibran', 'Pesan-pesan penuh kebijaksanaan tentang kehidupan dan kemanusiaan.', 1923, 'Fiksi - Filosofi', 'Bagus', 'Tidak Dipinjam'),
('B00485', 'Dilan: Dia adalah Dilanku Tahun 1990', 'Pidi Baiq', 'Kisah cinta remaja penuh kenangan manis di Bandung.', 2014, 'Fiksi - Remaja', 'Bagus', 'Dipinjam'),
('B00486', 'Great Expectations', 'Charles Dickens', 'Perjalanan seorang anak yatim piatu bernama Pip yang bermimpi menjadi orang besar dalam hidupnya.', 1861, 'Fiksi - Klasik', 'Bagus', 'Tidak Dipinjam'),
('B00487', 'Milk and Honey', 'Rupi Kaur', 'Kumpulan puisi tentang cinta, kehilangan, kekuatan, dan penyembuhan diri.', 2014, 'Puisi - Kumpulan Puisi', 'Bagus', 'Tidak Dipinjam'),
('B00488', 'Small Great Things', 'Jodi Picoult', 'Kisah tentang rasisme, hak asasi manusia, dan empati dalam sebuah kasus medis.', 2016, 'Fiksi - Drama', 'Bagus', 'Tidak Dipinjam'),
('B00489', 'Beloved', 'Toni Morrison', 'Seorang ibu yang berjuang melawan masa lalunya dan berusaha merawat anak-anaknya pasca perbudakan.', 1987, 'Fiksi - Sejarah', 'Bagus', 'Dipinjam'),
('B00490', 'Girl, Wash Your Face', 'Rachel Hollis', 'Buku inspiratif yang menantang pembaca untuk menghentikan kebohongan yang membatasi diri.', 2018, 'Non-Fiksi - Motivasi', 'Bagus', 'Dipinjam'),
('B00491', 'The Night Circus', 'Erin Morgenstern', 'Seorang sirkus yang misterius dan fantastik dengan elemen sihir di dalamnya.', 2011, 'Fiksi - Fantasi', 'Bagus', 'Tidak Dipinjam'),
('B00492', 'The Giver', 'Lois Lowry', 'Jonas, seorang remaja, menemukan kebenaran mengejutkan tentang masyarakatnya yang tampak sempurna.', 1993, 'Fiksi - Dystopia', 'Bagus', 'Tidak Dipinjam'),
('B00493', 'The Count of Monte Cristo', 'Alexandre Dumas', 'Seorang pria muda merencanakan balas dendam setelah dipenjara secara tidak adil.', 1844, 'Fiksi - Petualangan', 'Bagus', 'Tidak Dipinjam'),
('B00494', 'Simfoni Sempurna', 'Felix Siauw', 'Cinta dan harapan antara dua insan yang berbeda dunia namun saling mengisi.', 2020, 'Fiksi - Romansa', 'Rusak', 'Tidak Dipinjam'),
('B00495', 'The Rosie Project', 'Graeme Simsion', 'Kisah seorang profesor yang membuat proyek ilmiah untuk menemukan pasangan hidupnya.', 2013, 'Fiksi - Romansa', 'Bagus', 'Tidak Dipinjam'),
('B00496', 'Seven Years in Tibet', 'Heinrich Harrer', 'Kisah perjalanan Heinrich Harrer yang tinggal di Tibet selama tujuh tahun dan persahabatannya dengan Dalai Lama muda.', 1952, 'Non-Fiksi - Petualangan', 'Bagus', 'Tidak Dipinjam'),
('B00497', 'The Alchemist', 'Paulo Coelho', 'Kisah seorang penggembala muda yang mencari harta karun dan menemukan makna hidup.', 1988, 'Fiksi - Filosofi', 'Rusak', 'Tidak Dipinjam'),
('B00498', 'Don Quixote', 'Miguel de Cervantes', 'Cerita tentang seorang pria yang terobsesi dengan kisah-kisah ksatria dan pergi berpetualang dengan pembantunya.', 1605, 'Fiksi - Klasik', 'Bagus', 'Tidak Dipinjam'),
('B00499', 'Wuthering Heights', 'Emily Brontë', 'Kisah tentang cinta yang penuh dengan kebencian dan balas dendam di pedesaan Inggris.', 1847, 'Fiksi - Romansa', 'Bagus', 'Tidak Dipinjam'),
('B00500', 'Filosofi Kopi', 'Dewi Lestari', 'Kisah-kisah tentang kehidupan yang dikemas dengan filosofi secangkir kopi.', 2006, 'Fiksi - Kumpulan Cerita Pendek', 'Bagus', 'Tidak Dipinjam'),
('B00501', 'One Hundred Years of Solitude', 'Gabriel García Márquez', 'Kisah tentang keluarga Buendía yang terjebak dalam sejarah penuh misteri dan takdir yang berulang.', 1967, 'Fiksi - Magis Realisme', 'Bagus', 'Tidak Dipinjam'),
('B00502', 'The Jungle Book', 'Rudyard Kipling', 'Kisah Mowgli, anak manusia yang dibesarkan oleh serigala di hutan India.', 1894, 'Fiksi - Petualangan', 'Bagus', 'Tidak Dipinjam'),
('B00503', 'Brida', 'Paulo Coelho', 'Cerita tentang seorang gadis yang mencari jati dirinya dalam dunia spiritual.', 1990, 'Fiksi - Fantasi', 'Bagus', 'Tidak Dipinjam'),
('B00504', 'Slaughterhouse-Five', 'Kurt Vonnegut', 'Seorang tentara yang terjebak dalam waktu, menghadapi pertempuran Perang Dunia II dan perjalanan luar angkasa yang aneh.', 1969, 'Fiksi - Perang', 'Bagus', 'Tidak Dipinjam'),
('B00505', 'Seven Years in Tibet', 'Heinrich Harrer', 'Kisah perjalanan Heinrich Harrer yang tinggal di Tibet selama tujuh tahun dan persahabatannya dengan Dalai Lama muda.', 1952, 'Non-Fiksi - Petualangan', 'Bagus', 'Tidak Dipinjam'),
('B00506', 'Be Here Now', 'Ram Dass', 'Buku tentang penerimaan diri dan pentingnya berada di saat ini dengan penuh kesadaran.', 1971, 'Non-Fiksi - Spiritualitas', 'Bagus', 'Dipinjam'),
('B00507', 'The Prophet', 'Kahlil Gibran', 'Pesan-pesan penuh kebijaksanaan tentang kehidupan dan kemanusiaan.', 1923, 'Fiksi - Filosofi', 'Halaman hilang', 'Tidak Dipinjam'),
('B00508', 'Seperti Dendam, Rindu Harus Dibayar Tuntas', 'Eka Kurniawan', 'Novel ini menggambarkan kisah cinta yang penuh dengan perjuangan dan penyesalan.', 2014, 'Fiksi - Novel', 'Bagus', 'Tidak Dipinjam'),
('B00509', 'The Brothers Karamazov', 'Fyodor Dostoevsky', 'Cerita tentang tiga saudara yang terlibat dalam konflik moral dan filsafat dalam kehidupan mereka.', 1880, 'Fiksi - Filosofi', 'Terdapat Coretan', 'Tidak Dipinjam'),
('B00510', 'A Court of Thorns and Roses', 'Sarah J. Maas', 'Kisah seorang wanita yang terjebak di dunia peri setelah membunuh seekor serigala misterius.', 2015, 'Fiksi - Fantasi', 'Bagus', 'Dipinjam'),
('B00511', 'The Seven Habits of Highly Effective People', 'Stephen R. Covey', 'Buku panduan tentang kebiasaan efektif untuk kesuksesan pribadi dan profesional.', 1989, 'Non-Fiksi - Pengembangan Diri', 'Bagus', 'Tidak Dipinjam'),
('B00512', 'The Picture of Dorian Gray', 'Oscar Wilde', 'Kisah seorang pria muda yang menjaga gambar dirinya tetap muda sementara dirinya sendiri menua dan rusak.', 1890, 'Fiksi - Filosofi', 'Bagus', 'Tidak Dipinjam'),
('B00513', 'Negeri 5 Menara', 'A. Fuadi', 'Kisah seorang pemuda yang berjuang untuk mencapai cita-cita di pesantren.', 2009, 'Fiksi - Pendidikan', 'Bagus', 'Tidak Dipinjam'),
('B00514', 'Bumi', 'Tere Liye', 'Petualangan Raib, Seli, dan Ali yang penuh misteri di dunia paralel.', 2014, 'Fiksi - Fantasi', 'Bagus', 'Tidak Dipinjam'),
('B00515', 'The Henna Artist', 'Alka Joshi', 'Kisah seorang seniman henna di Jaipur yang berjuang untuk independensi dan cinta.', 2020, 'Fiksi - Drama', 'Bagus', 'Dipinjam'),
('B00516', 'Atomic Habits', 'James Clear', 'Panduan praktis untuk mengubah kebiasaan kecil menjadi hasil besar dalam hidup.', 2018, 'Non-Fiksi - Pengembangan Diri', 'Bagus', 'Tidak Dipinjam'),
('B00517', 'Negeri 5 Menara', 'A. Fuadi', 'Kisah seorang pemuda yang berjuang untuk mencapai cita-cita di pesantren.', 2009, 'Fiksi - Pendidikan', 'Bagus', 'Tidak Dipinjam'),
('B00518', 'Twilight', 'Stephenie Meyer', 'Cinta terlarang antara Bella Swan, seorang manusia, dan Edward Cullen, seorang vampir.', 2005, 'Fiksi - Romansa', 'Bagus', 'Tidak Dipinjam'),
('B00519', 'Dilan: Dia adalah Dilanku Tahun 1990', 'Pidi Baiq', 'Kisah cinta remaja penuh kenangan manis di Bandung.', 2014, 'Fiksi - Remaja', 'Terdapat Coretan', 'Tidak Dipinjam'),
('B00520', 'The Secret History', 'Donna Tartt', 'Kisah sekelompok mahasiswa yang terlibat dalam pembunuhan setelah terobsesi dengan keindahan seni dan kegelapan.', 1992, 'Fiksi - Misteri', 'Bagus', 'Tidak Dipinjam'),
('B00521', 'Simfoni Sempurna', 'Felix Siauw', 'Cinta dan harapan antara dua insan yang berbeda dunia namun saling mengisi.', 2020, 'Fiksi - Romansa', 'Bagus', 'Dipinjam'),
('B00522', 'Shatter Me', 'Tahereh Mafi', 'Petualangan seorang gadis dengan kekuatan yang dapat menghancurkan dunia.', 2011, 'Fiksi - Dystopia', 'Bagus', 'Tidak Dipinjam'),
('B00523', 'The Odyssey', 'Homer', 'Perjalanan epik Odysseus untuk kembali ke rumah setelah Perang Troya.', -800, 'Fiksi - Epik', 'Bagus', 'Dipinjam'),
('B00524', 'Shatter Me', 'Tahereh Mafi', 'Petualangan seorang gadis dengan kekuatan yang dapat menghancurkan dunia.', 2011, 'Fiksi - Dystopia', 'Bagus', 'Tidak Dipinjam'),
('B00525', 'The Nightingale', 'Kristin Hannah', 'Dua saudara perempuan Prancis yang menghadapi Perang Dunia II dengan keberanian dan pengorbanan.', 2015, 'Fiksi - Sejarah', 'Rusak', 'Tidak Dipinjam'),
('B00526', 'Kumpulan Cinta', 'Almira M. Setiawan', 'Kumpulan cerita pendek tentang cinta dan kehidupan.', 2020, 'Fiksi - Romansa', 'Bagus', 'Tidak Dipinjam'),
('B00527', 'Dear John', 'Nicholas Sparks', 'Romansa tentang cinta yang terpisah karena perang.', 2006, 'Fiksi - Romansa', 'Bagus', 'Tidak Dipinjam'),
('B00528', 'How to Win Friends and Influence People', 'Dale Carnegie', 'Panduan klasik untuk membangun hubungan interpersonal yang positif dan efektif.', 1936, 'Non-Fiksi - Pengembangan Diri', 'Terdapat Coretan', 'Tidak Dipinjam'),
('B00529', 'The Kite Runner', 'Khaled Hosseini', 'Kisah persahabatan dan pengkhianatan yang berlatar belakang sejarah Afghanistan.', 2003, 'Fiksi - Drama', 'Bagus', 'Tidak Dipinjam'),
('B00530', 'Pride and Prejudice', 'Jane Austen', 'Kisah romansa yang berkembang antara Elizabeth Bennet dan Mr. Darcy.', 1813, 'Fiksi - Romansa', 'Rusak', 'Tidak Dipinjam'),
('B00531', 'Laskar Pelangi', 'Andrea Hirata', 'Sebuah cerita tentang persahabatan, pendidikan, dan impian di Belitung.', 2005, 'Fiksi - Novel', 'Bagus', 'Tidak Dipinjam'),
('B00532', 'The Four Agreements', 'Don Miguel Ruiz', 'Empat prinsip sederhana untuk hidup damai dan bermakna.', 1997, 'Non-Fiksi - Spiritualitas', 'Bagus', 'Tidak Dipinjam'),
('B00533', 'The Secret', 'Rhonda Byrne', 'Petunjuk praktis untuk mewujudkan impian melalui pemikiran positif dan hukum tarik-menarik.', 2006, 'Non-Fiksi - Motivasi', 'Terdapat Coretan', 'Tidak Dipinjam'),
('B00534', 'The Paris Library', 'Janet Skeslien Charles', 'Petualangan pustakawan di masa pendudukan Nazi di Paris.', 2021, 'Fiksi - Sejarah', 'Bagus', 'Dipinjam'),
('B00535', 'Brida', 'Paulo Coelho', 'Cerita tentang seorang gadis yang mencari jati dirinya dalam dunia spiritual.', 1990, 'Fiksi - Fantasi', 'Bagus', 'Tidak Dipinjam'),
('B00536', 'The 48 Laws of Power', 'Robert Greene', 'Buku panduan tentang cara memahami dan menggunakan kekuasaan dalam kehidupan sehari-hari.', 1998, 'Non-Fiksi - Strategi', 'Bagus', 'Tidak Dipinjam'),
('B00537', 'Angels and Demons', 'Dan Brown', 'Investigasi misteri yang melibatkan ilmu pengetahuan dan agama.', 2000, 'Fiksi - Thriller', 'Bagus', 'Tidak Dipinjam'),
('B00538', 'Laskar Pelangi', 'Andrea Hirata', 'Sebuah cerita tentang persahabatan, pendidikan, dan impian di Belitung.', 2005, 'Fiksi - Novel', 'Bagus', 'Tidak Dipinjam'),
('B00539', 'Babad Tanah Jawi', 'Anonim', 'Kisah-kisah tradisional tentang sejarah Jawa dari perspektif legenda dan mitologi.', 2020, 'Non-Fiksi - Sejarah', 'Bagus', 'Tidak Dipinjam'),
('B00540', 'The Paper Palace', 'Miranda Cowley Heller', 'Kisah cinta dan rahasia keluarga yang diungkap selama satu hari di musim panas.', 2021, 'Fiksi - Drama', 'Bagus', 'Dipinjam'),
('B00541', 'Sejarah Indonesia', 'Marwati Djoened Poesponegoro', 'Sejarah Indonesia dari masa prasejarah hingga modernisasi Indonesia.', 2020, 'Non-Fiksi - Sejarah', 'Bagus', 'Dipinjam'),
('B00542', 'Pride and Prejudice', 'Jane Austen', 'Kisah romansa yang berkembang antara Elizabeth Bennet dan Mr. Darcy.', 1813, 'Fiksi - Romansa', 'Bagus', 'Tidak Dipinjam'),
('B00543', 'The Odyssey', 'Homer', 'Perjalanan epik Odysseus untuk kembali ke rumah setelah Perang Troya.', -800, 'Fiksi - Epik', 'Bagus', 'Tidak Dipinjam'),
('B00544', 'Dilan: Dia adalah Dilanku Tahun 1990', 'Pidi Baiq', 'Kisah cinta remaja penuh kenangan manis di Bandung.', 2014, 'Fiksi - Remaja', 'Bagus', 'Dipinjam'),
('B00545', 'The Girl with the Louding Voice', 'Abi Daré', 'Seorang gadis Nigeria berjuang untuk menemukan suaranya dan kebebasan dalam menghadapi penindasan dan diskriminasi.', 2020, 'Fiksi - Drama', 'Bagus', 'Tidak Dipinjam'),
('B00546', 'The Odyssey', 'Homer', 'Perjalanan epik Odysseus untuk kembali ke rumah setelah Perang Troya.', -800, 'Fiksi - Epik', 'Bagus', 'Dipinjam'),
('B00547', 'Laskar Pelangi', 'Andrea Hirata', 'Sebuah cerita tentang persahabatan, pendidikan, dan impian di Belitung.', 2005, 'Fiksi - Novel', 'Bagus', 'Tidak Dipinjam'),
('B00548', 'The Art of Happiness', 'Dalai Lama XIV and Howard C. Cutler', 'Panduan dari Dalai Lama tentang pencapaian kebahagiaan melalui kehidupan yang lebih bermakna.', 1998, 'Non-Fiksi - Filosofi', 'Bagus', 'Tidak Dipinjam'),
('B00549', 'Emma', 'Jane Austen', 'Seorang wanita muda yang penuh semangat mencoba untuk mengatur hubungan orang lain, namun berakhir dengan jatuh cinta pada orang yang tidak diduga.', 1815, 'Fiksi - Romansa', 'Bagus', 'Tidak Dipinjam'),
('B00550', 'The Midnight Library', 'Matt Haig', 'Kisah seorang wanita yang menemukan kesempatan untuk menghidupkan kembali berbagai kemungkinan hidupnya.', 2020, 'Fiksi - Filosofi', 'Halaman hilang', 'Tidak Dipinjam'),
('B00551', 'The Song of Achilles', 'Madeline Miller', 'Kisah cinta dan tragedi Patroclus dan Achilles dalam mitologi Yunani.', 2011, 'Fiksi - Mitologi', 'Rusak', 'Tidak Dipinjam'),
('B00552', 'The Power of Now', 'Eckhart Tolle', 'Buku panduan untuk hidup dengan penuh kesadaran dan damai di saat ini.', 1997, 'Non-Fiksi - Spiritualitas', 'Bagus', 'Tidak Dipinjam'),
('B00553', 'Time Traveler''s Wife', 'Audrey Niffenegger', 'Cinta yang terjalin meski terhalang oleh perjalanan waktu.', 2003, 'Fiksi - Romansa', 'Bagus', 'Tidak Dipinjam'),
('B00554', 'Where the Crawdads Sing', 'Delia Owens', 'Kisah tentang seorang gadis yang tumbuh sendiri di rawa dan tersangkut kasus pembunuhan.', 2018, 'Fiksi - Drama', 'Bagus', 'Dipinjam'),
('B00555', 'The Shadow of the Wind', 'Carlos Ruiz Zafón', 'Kisah petualangan seorang anak laki-laki yang menemukan buku terlarang dan rahasia gelap di baliknya.', 2001, 'Fiksi - Misteri', 'Bagus', 'Dipinjam'),
('B00556', 'Norwegian Wood', 'Haruki Murakami', 'Kisah cinta, kehilangan, dan pencarian identitas diri di Tokyo.', 1987, 'Fiksi - Romansa', 'Bagus', 'Dipinjam'),
('B00557', 'The Secret Garden', 'Frances Hodgson Burnett', 'Kisah seorang gadis yang menemukan taman tersembunyi yang mengubah hidupnya dan orang-orang di sekitarnya.', 1911, 'Fiksi - Anak-Anak', 'Rusak', 'Tidak Dipinjam'),
('B00558', 'Don Quixote', 'Miguel de Cervantes', 'Cerita tentang seorang pria yang terobsesi dengan kisah-kisah ksatria dan pergi berpetualang dengan pembantunya.', 1605, 'Fiksi - Klasik', 'Rusak', 'Tidak Dipinjam'),
('B00559', 'The Prophet', 'Kahlil Gibran', 'Pesan-pesan penuh kebijaksanaan tentang kehidupan dan kemanusiaan.', 1923, 'Fiksi - Filosofi', 'Bagus', 'Tidak Dipinjam'),
('B00560', 'Becoming', 'Michelle Obama', 'Memoar inspiratif dari mantan Ibu Negara Amerika Serikat.', 2018, 'Non-Fiksi - Memoar', 'Bagus', 'Tidak Dipinjam'),
('B00561', 'The Paper Palace', 'Miranda Cowley Heller', 'Kisah cinta dan rahasia keluarga yang diungkap selama satu hari di musim panas.', 2021, 'Fiksi - Drama', 'Bagus', 'Tidak Dipinjam'),
('B00562', 'Alice''s Adventures in Wonderland', 'Lewis Carroll', 'Alice jatuh ke lubang kelinci dan menemukan dunia yang penuh keajaiban dan makhluk aneh.', 1865, 'Fiksi - Fantasi', 'Bagus', 'Tidak Dipinjam'),
('B00563', 'The Hobbit', 'J.R.R. Tolkien', 'Perjalanan seorang hobbit, Bilbo Baggins, dalam pencarian harta karun yang tersembunyi.', 1937, 'Fiksi - Fantasi', 'Bagus', 'Tidak Dipinjam'),
('B00564', 'Before We Were Strangers', 'Renée Carlino', 'Kisah cinta yang bersemi kembali setelah 15 tahun terpisah.', 2015, 'Fiksi - Romansa', 'Bagus', 'Tidak Dipinjam'),
('B00565', 'The Paris Library', 'Janet Skeslien Charles', 'Petualangan pustakawan di masa pendudukan Nazi di Paris.', 2021, 'Fiksi - Sejarah', 'Rusak', 'Tidak Dipinjam'),
('B00566', 'Girl, Wash Your Face', 'Rachel Hollis', 'Buku inspiratif yang menantang pembaca untuk menghentikan kebohongan yang membatasi diri.', 2018, 'Non-Fiksi - Motivasi', 'Bagus', 'Tidak Dipinjam'),
('B00567', 'The Iliad', 'Homer', 'Kisah Perang Troya dan pahlawan seperti Achilles serta Hector.', -750, 'Fiksi - Epik', 'Bagus', 'Tidak Dipinjam'),
('B00568', 'Twilight', 'Stephenie Meyer', 'Cinta terlarang antara Bella Swan, seorang manusia, dan Edward Cullen, seorang vampir.', 2005, 'Fiksi - Romansa', 'Bagus', 'Tidak Dipinjam'),
('B00569', 'Becoming', 'Michelle Obama', 'Memoar inspiratif dari mantan Ibu Negara Amerika Serikat, Michelle Obama.', 2018, 'Non-Fiksi - Memoar', 'Bagus', 'Tidak Dipinjam'),
('B00570', 'The Old Man and the Sea', 'Ernest Hemingway', 'Seorang nelayan tua berjuang untuk menangkap ikan marlin raksasa yang akan membuktikan kemampuannya sebagai seorang pelaut.', 1952, 'Fiksi - Petualangan', 'Bagus', 'Tidak Dipinjam'),
('B00571', 'Before We Were Strangers', 'Renée Carlino', 'Kisah cinta yang bersemi kembali setelah 15 tahun terpisah.', 2015, 'Fiksi - Romansa', 'Bagus', 'Tidak Dipinjam'),
('B00572', 'The Paper Palace', 'Miranda Cowley Heller', 'Kisah cinta dan rahasia keluarga yang diungkap selama satu hari di musim panas.', 2021, 'Fiksi - Drama', 'Halaman hilang', 'Tidak Dipinjam'),
('B00573', 'The Woman in the Window', 'A.J. Finn', 'Seorang wanita yang mengintip tetangganya dan menjadi saksi sesuatu yang tak seharusnya ia lihat.', 2018, 'Fiksi - Thriller', 'Bagus', 'Tidak Dipinjam'),
('B00574', 'Great Expectations', 'Charles Dickens', 'Perjalanan seorang anak yatim piatu bernama Pip yang bermimpi menjadi orang besar dalam hidupnya.', 1861, 'Fiksi - Klasik', 'Bagus', 'Dipinjam'),
('B00575', 'Rich Dad Poor Dad', 'Robert T. Kiyosaki', 'Buku tentang prinsip keuangan dan kebebasan finansial.', 1997, 'Non-Fiksi - Keuangan', 'Bagus', 'Dipinjam'),
('B00576', '1984', 'George Orwell', 'Sebuah novel distopia tentang pengawasan totalitarian oleh pemerintah.', 1949, 'Fiksi - Fiksi Ilmiah', 'Bagus', 'Dipinjam'),
('B00577', 'Crime and Punishment', 'Fyodor Dostoevsky', 'Cerita tentang seorang pemuda yang berusaha menghadapi rasa bersalah setelah melakukan pembunuhan.', 1866, 'Fiksi - Klasik', 'Bagus', 'Tidak Dipinjam'),
('B00578', 'The Road', 'Cormac McCarthy', 'Perjalanan seorang ayah dan anak di dunia pasca-apokaliptik.', 2006, 'Fiksi - Drama', 'Bagus', 'Tidak Dipinjam'),
('B00579', 'Where the Forest Meets the Stars', 'Glendy Vanderah', 'Kisah tentang seorang wanita yang berusaha merawat dua anak yang membawa harapan dan cinta yang luar biasa.', 2019, 'Fiksi - Drama', 'Rusak', 'Tidak Dipinjam'),
('B00580', 'The Immortalists', 'Chloe Benjamin', 'Kisah empat bersaudara yang diberitahu oleh seorang peramal tentang tanggal kematian mereka.', 2018, 'Fiksi - Drama', 'Halaman hilang', 'Tidak Dipinjam'),
('B00581', 'Untamed', 'Glennon Doyle', 'Cerita tentang kebebasan, cinta, dan menjalani hidup yang autentik.', 2020, 'Non-Fiksi - Memoar', 'Bagus', 'Dipinjam'),
('B00582', 'The Art of War', 'Sun Tzu', 'Panduan klasik tentang strategi perang dan manajemen konflik.', -500, 'Non-Fiksi - Strategi', 'Rusak', 'Tidak Dipinjam'),
('B00583', 'War and Peace', 'Leo Tolstoy', 'Epik tentang kehidupan para aristokrat Rusia selama masa Napoleon, dengan perjuangan cinta, perang, dan takdir.', 1869, 'Fiksi - Sejarah', 'Halaman hilang', 'Tidak Dipinjam'),
('B00584', 'Ayat-Ayat Cinta', 'Habiburrahman El Shirazy', 'Kisah cinta yang mendalam antara Cinta dan yang dicintainya.', 2004, 'Fiksi - Romansa', 'Terdapat Coretan', 'Tidak Dipinjam'),
('B00585', 'Anna Karenina', 'Leo Tolstoy', 'Drama tentang seorang wanita yang jatuh cinta di luar pernikahannya dan menghadapi akibatnya.', 1878, 'Fiksi - Romansa', 'Bagus', 'Dipinjam'),
('B00586', 'The House of the Spirits', 'Isabel Allende', 'Sebuah kisah epik tentang cinta, politik, dan keluarga yang penuh dengan unsur magis.', 1982, 'Fiksi - Magis Realisme', 'Bagus', 'Dipinjam'),
('B00587', 'Filosofi Kopi', 'Dewi Lestari', 'Kisah-kisah tentang kehidupan yang dikemas dengan filosofi secangkir kopi.', 2006, 'Fiksi - Kumpulan Cerita Pendek', 'Bagus', 'Dipinjam'),
('B00588', 'Untamed', 'Glennon Doyle', 'Cerita tentang kebebasan, cinta, dan menjalani hidup yang autentik.', 2020, 'Non-Fiksi - Memoar', 'Bagus', 'Dipinjam'),
('B00589', 'Man''s Search for Meaning', 'Viktor E. Frankl', 'Pengalaman seorang tahanan kamp konsentrasi dan filsafat logoterapi.', 1946, 'Non-Fiksi - Psikologi', 'Bagus', 'Tidak Dipinjam'),
('B00590', 'Alchemist', 'Paulo Coelho', 'Cerita tentang seorang pengembara yang mengejar mimpinya menuju harta karun.', 1988, 'Fiksi - Inspirasi', 'Terdapat Coretan', 'Tidak Dipinjam'),
('B00591', 'Sejarah Indonesia', 'Marwati Djoened Poesponegoro', 'Sejarah Indonesia dari masa prasejarah hingga modernisasi Indonesia.', 2020, 'Non-Fiksi - Sejarah', 'Bagus', 'Tidak Dipinjam'),
('B00592', 'Untamed', 'Glennon Doyle', 'Cerita tentang kebebasan, cinta, dan menjalani hidup yang autentik.', 2020, 'Non-Fiksi - Memoar', 'Bagus', 'Tidak Dipinjam'),
('B00593', 'The Vanishing Half', 'Brit Bennett', 'Kisah dua saudara kembar dengan kehidupan yang sangat berbeda.', 2020, 'Fiksi - Drama', 'Bagus', 'Tidak Dipinjam'),
('B00594', 'Twilight', 'Stephenie Meyer', 'Cinta terlarang antara Bella Swan, seorang manusia, dan Edward Cullen, seorang vampir.', 2005, 'Fiksi - Romansa', 'Bagus', 'Tidak Dipinjam'),
('B00595', 'Outliers', 'Malcolm Gladwell', 'Buku ini mengeksplorasi apa yang membuat orang luar biasa berhasil dan bagaimana faktor lingkungan memengaruhi kesuksesan.', 2008, 'Non-Fiksi - Sosial', 'Bagus', 'Tidak Dipinjam'),
('B00596', 'Waking Up', 'Sam Harris', 'Buku tentang kesadaran, meditasi, dan cara untuk hidup dengan penuh kesadaran.', 2014, 'Non-Fiksi - Spiritualitas', 'Bagus', 'Tidak Dipinjam'),
('B00597', 'The Art of War', 'Sun Tzu', 'Panduan klasik tentang strategi perang dan manajemen konflik.', -500, 'Non-Fiksi - Strategi', 'Bagus', 'Tidak Dipinjam'),
('B00598', 'Kumpulan Cinta', 'Almira M. Setiawan', 'Kumpulan cerita pendek tentang cinta dan kehidupan.', 2020, 'Fiksi - Romansa', 'Bagus', 'Tidak Dipinjam'),
('B00599', 'The House of the Spirits', 'Isabel Allende', 'Sebuah kisah epik tentang cinta, politik, dan keluarga yang penuh dengan unsur magis.', 1982, 'Fiksi - Magis Realisme', 'Terdapat Coretan', 'Tidak Dipinjam'),
('B00600', 'Pulang', 'Leila S. Chudori', 'Perjalanan hidup seorang eksil politik Indonesia yang tinggal di Paris.', 2012, 'Fiksi - Novel', 'Bagus', 'Tidak Dipinjam'),
('B00601', 'One Hundred Years of Solitude', 'Gabriel García Márquez', 'Kisah tentang keluarga Buendía yang terjebak dalam sejarah penuh misteri dan takdir yang berulang.', 1967, 'Fiksi - Magis Realisme', 'Bagus', 'Tidak Dipinjam'),
('B00602', 'Treasure Island', 'Robert Louis Stevenson', 'Seorang pemuda memulai petualangan mencari harta karun dengan sekelompok bajak laut.', 1883, 'Fiksi - Petualangan', 'Bagus', 'Tidak Dipinjam'),
('B00603', 'Atomic Habits', 'James Clear', 'Panduan praktis untuk mengubah kebiasaan kecil menjadi hasil besar dalam hidup.', 2018, 'Non-Fiksi - Pengembangan Diri', 'Bagus', 'Tidak Dipinjam'),
('B00604', 'Sebuah Seni untuk Bersikap Bodo Amat', 'Mark Manson', 'Panduan untuk fokus pada hal-hal yang benar-benar penting dalam hidup.', 2018, 'Non-Fiksi - Motivasi', 'Rusak', 'Tidak Dipinjam'),
('B00605', 'Perahu Kertas', 'Dewi Lestari', 'Kisah cinta dua pemuda yang dipenuhi dengan mimpi dan perjuangan.', 2009, 'Fiksi - Romansa', 'Rusak', 'Tidak Dipinjam'),
('B00606', 'Waking Up', 'Sam Harris', 'Buku tentang kesadaran, meditasi, dan cara untuk hidup dengan penuh kesadaran.', 2014, 'Non-Fiksi - Spiritualitas', 'Bagus', 'Dipinjam'),
('B00607', 'Ender''s Game', 'Orson Scott Card', 'Kisah seorang anak yang dilatih untuk memimpin pasukan dalam perang antarplanet melawan alien.', 1985, 'Fiksi - Sains Fiksi', 'Bagus', 'Tidak Dipinjam'),
('B00608', 'Harry Potter and the Chamber of Secrets', 'J.K. Rowling', 'Petualangan Harry Potter dalam mengungkap misteri yang ada di dalam Chamber of Secrets.', 1998, 'Fiksi - Fantasi', 'Halaman hilang', 'Tidak Dipinjam'),
('B00609', 'The Happiness Project', 'Gretchen Rubin', 'Kisah pencarian kebahagiaan melalui perubahan kebiasaan sehari-hari.', 2009, 'Non-Fiksi - Motivasi', 'Terdapat Coretan', 'Tidak Dipinjam'),
('B00610', 'The Dutch House', 'Ann Patchett', 'Kisah keluarga yang menghadapi cinta dan kehilangan selama beberapa dekade.', 2019, 'Fiksi - Drama', 'Bagus', 'Dipinjam'),
('B00611', 'The Diary of a Young Girl', 'Anne Frank', 'Buku harian yang ditulis Anne Frank, seorang gadis Yahudi selama Perang Dunia II.', 1947, 'Non-Fiksi - Sejarah', 'Bagus', 'Tidak Dipinjam'),
('B00612', 'The Catcher in the Rye', 'J.D. Salinger', 'Seorang remaja yang berjuang dengan rasa kehilangan dan identitas dirinya.', 1951, 'Fiksi - Drama', 'Bagus', 'Dipinjam'),
('B00613', 'Fahrenheit 451', 'Ray Bradbury', 'Cerita tentang sebuah dunia dimana buku dibakar dan pemikirannya dianggap kejahatan.', 1953, 'Fiksi - Dystopia', 'Bagus', 'Dipinjam'),
('B00614', 'The Rosie Project', 'Graeme Simsion', 'Kisah seorang profesor yang membuat proyek ilmiah untuk menemukan pasangan hidupnya.', 2013, 'Fiksi - Romansa', 'Bagus', 'Tidak Dipinjam'),
('B00615', 'Think and Grow Rich', 'Napoleon Hill', 'Panduan klasik tentang prinsip-prinsip untuk mencapai kesuksesan finansial dan pribadi.', 1937, 'Non-Fiksi - Bisnis', 'Bagus', 'Dipinjam'),
('B00616', 'Becoming', 'Michelle Obama', 'Memoar inspiratif dari mantan Ibu Negara Amerika Serikat.', 2018, 'Non-Fiksi - Memoar', 'Bagus', 'Tidak Dipinjam'),
('B00617', 'The Woman in the Window', 'A.J. Finn', 'Seorang wanita yang mengintip tetangganya dan menjadi saksi sesuatu yang tak seharusnya ia lihat.', 2018, 'Fiksi - Thriller', 'Bagus', 'Tidak Dipinjam'),
('B00618', 'The Power of Now', 'Eckhart Tolle', 'Buku panduan untuk hidup dengan penuh kesadaran dan damai di saat ini.', 1997, 'Non-Fiksi - Spiritualitas', 'Bagus', 'Dipinjam'),
('B00619', 'The Midnight Library', 'Matt Haig', 'Kisah seorang wanita yang menemukan kesempatan untuk menghidupkan kembali berbagai kemungkinan hidupnya.', 2020, 'Fiksi - Filosofi', 'Bagus', 'Dipinjam'),
('B00620', 'Lord of the Rings', 'J.R.R. Tolkien', 'Petualangan epik untuk menghancurkan cincin yang memiliki kekuatan besar di dunia fantasi Middle-earth.', 1954, 'Fiksi - Fantasi', 'Bagus', 'Tidak Dipinjam'),
('B00621', 'War and Peace', 'Leo Tolstoy', 'Epik tentang kehidupan para aristokrat Rusia selama masa Napoleon, dengan perjuangan cinta, perang, dan takdir.', 1869, 'Fiksi - Sejarah', 'Terdapat Coretan', 'Tidak Dipinjam'),
('B00622', 'The Shining', 'Stephen King', 'Horror tentang sebuah keluarga yang terperangkap di sebuah hotel terpencil yang penuh dengan kekuatan jahat.', 1977, 'Fiksi - Horor', 'Bagus', 'Tidak Dipinjam'),
('B00623', 'The Tattooist of Auschwitz', 'Heather Morris', 'Seorang pria yang menjadi tatois di kamp konsentrasi Auschwitz dan kisah cintanya yang tak terduga.', 2018, 'Fiksi - Sejarah', 'Bagus', 'Dipinjam'),
('B00624', 'The Iliad', 'Homer', 'Kisah Perang Troya dan pahlawan seperti Achilles serta Hector.', -750, 'Fiksi - Epik', 'Bagus', 'Tidak Dipinjam'),
('B00625', 'Project Hail Mary', 'Andy Weir', 'Kisah seorang astronot yang harus menyelamatkan umat manusia dalam misi luar angkasa yang mustahil.', 2021, 'Fiksi - Sains', 'Terdapat Coretan', 'Tidak Dipinjam'),
('B00626', 'The Art of Happiness', 'Dalai Lama XIV and Howard C. Cutler', 'Panduan dari Dalai Lama tentang pencapaian kebahagiaan melalui kehidupan yang lebih bermakna.', 1998, 'Non-Fiksi - Filosofi', 'Bagus', 'Dipinjam'),
('B00627', 'Supernova: Ksatria, Puteri, dan Bintang Jatuh', 'Dewi Lestari', 'Perpaduan antara cinta, sains, dan spiritualitas yang penuh filosofi.', 2001, 'Fiksi - Novel', 'Terdapat Coretan', 'Tidak Dipinjam'),
('B00628', 'Supernova: Ksatria, Puteri, dan Bintang Jatuh', 'Dewi Lestari', 'Perpaduan antara cinta, sains, dan spiritualitas yang penuh filosofi.', 2001, 'Fiksi - Novel', 'Bagus', 'Tidak Dipinjam'),
('B00629', 'The Hunger Games', 'Suzanne Collins', 'Sebuah pertandingan bertahan hidup di dunia distopia yang kejam.', 2008, 'Fiksi - Fantasi', 'Bagus', 'Tidak Dipinjam'),
('B00630', 'The Shining', 'Stephen King', 'Horror tentang sebuah keluarga yang terperangkap di sebuah hotel terpencil yang penuh dengan kekuatan jahat.', 1977, 'Fiksi - Horor', 'Bagus', 'Tidak Dipinjam'),
('B00631', 'One Flew Over the Cuckoo''s Nest', 'Kenneth Kesey', 'Cerita tentang kehidupan di rumah sakit jiwa dan pergulatan seorang pria dengan sistem yang opresif.', 1962, 'Fiksi - Psikologi', 'Rusak', 'Tidak Dipinjam'),
('B00632', 'The Scarlet Letter', 'Nathaniel Hawthorne', 'Kisah seorang wanita yang dihukum karena perzinahan di komunitas Puritan abad ke-17.', 1850, 'Fiksi - Klasik', 'Halaman hilang', 'Tidak Dipinjam'),
('B00633', 'The Secret History', 'Donna Tartt', 'Kisah sekelompok mahasiswa yang terlibat dalam pembunuhan setelah terobsesi dengan keindahan seni dan kegelapan.', 1992, 'Fiksi - Misteri', 'Bagus', 'Tidak Dipinjam'),
('B00634', 'The Secret Garden', 'Frances Hodgson Burnett', 'Kisah seorang gadis yang menemukan taman tersembunyi yang mengubah hidupnya dan orang-orang di sekitarnya.', 1911, 'Fiksi - Anak-Anak', 'Bagus', 'Tidak Dipinjam'),
('B00635', 'Kumpulan Cinta', 'Almira M. Setiawan', 'Kumpulan cerita pendek tentang cinta dan kehidupan.', 2020, 'Fiksi - Romansa', 'Bagus', 'Tidak Dipinjam'),
('B00636', 'Don Quixote', 'Miguel de Cervantes', 'Cerita tentang seorang pria yang terobsesi dengan kisah-kisah ksatria dan pergi berpetualang dengan pembantunya.', 1605, 'Fiksi - Klasik', 'Bagus', 'Tidak Dipinjam'),
('B00637', 'Beloved', 'Toni Morrison', 'Seorang ibu yang berjuang melawan masa lalunya dan berusaha merawat anak-anaknya pasca perbudakan.', 1987, 'Fiksi - Sejarah', 'Bagus', 'Tidak Dipinjam'),
('B00638', 'Brave New World', 'Aldous Huxley', 'Visi masa depan di mana dunia dikendalikan oleh teknologi dan rekayasa sosial.', 1932, 'Fiksi - Dystopia', 'Bagus', 'Tidak Dipinjam'),
('B00639', 'Dear John', 'Nicholas Sparks', 'Romansa tentang cinta yang terpisah karena perang.', 2006, 'Fiksi - Romansa', 'Bagus', 'Tidak Dipinjam'),
('B00640', 'One Flew Over the Cuckoo''s Nest', 'Kenneth Kesey', 'Cerita tentang kehidupan di rumah sakit jiwa dan pergulatan seorang pria dengan sistem yang opresif.', 1962, 'Fiksi - Psikologi', 'Bagus', 'Tidak Dipinjam'),
('B00641', 'Animal Farm', 'George Orwell', 'Seekor babi yang dipimpin oleh sekelompok hewan mencoba mengubah sistem politik di peternakan mereka, namun akhirnya jatuh ke dalam tirani.', 1945, 'Fiksi - Satir', 'Bagus', 'Tidak Dipinjam'),
('B00642', 'Supernova: Partikel', 'Dewi Lestari', 'Petualangan dalam menemukan makna eksistensi dan spiritualitas.', 2012, 'Fiksi - Novel', 'Rusak', 'Tidak Dipinjam'),
('B00643', 'The Maze Runner', 'James Dashner', 'Sekelompok remaja berusaha melarikan diri dari labirin misterius yang penuh jebakan mematikan.', 2009, 'Fiksi - Dystopia', 'Bagus', 'Tidak Dipinjam'),
('B00644', 'Big Little Lies', 'Liane Moriarty', 'Kisah persahabatan antara tiga ibu yang terlibat dalam misteri pembunuhan di komunitas mereka.', 2014, 'Fiksi - Drama', 'Bagus', 'Tidak Dipinjam'),
('B00645', 'Ronggeng Dukuh Paruk', 'Ahmad Tohari', 'Perjalanan seorang penari ronggeng dalam kehidupan pedesaan Jawa yang penuh konflik.', 1982, 'Fiksi - Sejarah', 'Bagus', 'Tidak Dipinjam'),
('B00646', 'Simfoni Sempurna', 'Felix Siauw', 'Cinta dan harapan antara dua insan yang berbeda dunia namun saling mengisi.', 2020, 'Fiksi - Romansa', 'Bagus', 'Tidak Dipinjam'),
('B00647', 'Of Mice and Men', 'John Steinbeck', 'Persahabatan dua pekerja migran dan perjuangan mereka untuk mencapai impian sederhana.', 1937, 'Fiksi - Sosial', 'Bagus', 'Tidak Dipinjam'),
('B00648', 'The Iliad', 'Homer', 'Kisah Perang Troya dan pahlawan seperti Achilles serta Hector.', -750, 'Fiksi - Epik', 'Bagus', 'Tidak Dipinjam'),
('B00649', 'Di Tepi Laut', 'Andrea Hirata', 'Perjalanan hidup seseorang yang diwarnai oleh kisah cinta dan impian di desa kecil.', 2020, 'Fiksi - Novel', 'Bagus', 'Dipinjam'),
('B00650', 'Atlas Shrugged', 'Ayn Rand', 'Cerita tentang tokoh-tokoh dalam masyarakat kapitalis yang mencoba menemukan arti kehidupan dan kebebasan individu.', 1957, 'Fiksi - Filosofi', 'Bagus', 'Tidak Dipinjam'),
('B00651', 'Sejarah Indonesia', 'Marwati Djoened Poesponegoro', 'Sejarah Indonesia dari masa prasejarah hingga modernisasi Indonesia.', 2020, 'Non-Fiksi - Sejarah', 'Bagus', 'Tidak Dipinjam'),
('B00652', 'The Girl with the Louding Voice', 'Abi Daré', 'Seorang gadis Nigeria berjuang untuk menemukan suaranya dan kebebasan dalam menghadapi penindasan dan diskriminasi.', 2020, 'Fiksi - Drama', 'Bagus', 'Tidak Dipinjam'),
('B00653', 'The Nightingale', 'Kristin Hannah', 'Dua saudara perempuan Prancis yang menghadapi Perang Dunia II dengan keberanian dan pengorbanan.', 2015, 'Fiksi - Sejarah', 'Bagus', 'Tidak Dipinjam'),
('B00654', 'Beloved', 'Toni Morrison', 'Seorang ibu yang berjuang melawan masa lalunya dan berusaha merawat anak-anaknya pasca perbudakan.', 1987, 'Fiksi - Sejarah', 'Rusak', 'Tidak Dipinjam'),
('B00655', 'Outliers', 'Malcolm Gladwell', 'Buku ini mengeksplorasi apa yang membuat orang luar biasa berhasil dan bagaimana faktor lingkungan memengaruhi kesuksesan.', 2008, 'Non-Fiksi - Sosial', 'Bagus', 'Dipinjam'),
('B00656', 'Habibie dan Ainun', 'Bacharuddin Jusuf Habibie', 'Kisah cinta dan perjalanan hidup Habibie bersama Ainun.', 2010, 'Non-Fiksi - Biografi', 'Bagus', 'Dipinjam'),
('B00657', 'American Dirt', 'Jeanine Cummins', 'Kisah seorang ibu dan anak yang melarikan diri dari kekerasan kartel narkoba di Meksiko menuju Amerika Serikat.', 2020, 'Fiksi - Drama', 'Bagus', 'Tidak Dipinjam'),
('B00658', 'Sapiens', 'Yuval Noah Harari', 'Sebuah eksplorasi tentang sejarah umat manusia dari masa prasejarah hingga era modern.', 2011, 'Non-Fiksi - Sejarah', 'Bagus', 'Tidak Dipinjam'),
('B00659', 'Harry Potter and the Sorcerer''s Stone', 'J.K. Rowling', 'Kisah seorang anak yang menemukan dunia sihir di Hogwarts.', 1997, 'Fiksi - Fantasi', 'Bagus', 'Tidak Dipinjam'),
('B00660', 'The Tattooist of Auschwitz', 'Heather Morris', 'Seorang pria yang menjadi tatois di kamp konsentrasi Auschwitz dan kisah cintanya yang tak terduga.', 2018, 'Fiksi - Sejarah', 'Rusak', 'Tidak Dipinjam'),
('B00661', 'Bumi Manusia', 'Pramoedya Ananta Toer', 'Kisah kehidupan seorang pribumi yang berjuang untuk kebebasan di masa penjajahan.', 1980, 'Fiksi - Sejarah', 'Bagus', 'Tidak Dipinjam'),
('B00662', 'It Ends with Us', 'Colleen Hoover', 'Kisah emosional tentang cinta, kehilangan, dan keberanian untuk berubah.', 2016, 'Fiksi - Romansa', 'Bagus', 'Tidak Dipinjam'),
('B00663', 'The Henna Artist', 'Alka Joshi', 'Kisah seorang seniman henna di Jaipur yang berjuang untuk independensi dan cinta.', 2020, 'Fiksi - Drama', 'Bagus', 'Tidak Dipinjam'),
('B00664', 'Long Walk to Freedom', 'Nelson Mandela', 'Autobiografi dari Nelson Mandela yang menceritakan perjuangannya melawan apartheid di Afrika Selatan.', 1994, 'Non-Fiksi - Biografi', 'Bagus', 'Tidak Dipinjam'),
('B00665', 'Pulang', 'Leila S. Chudori', 'Perjalanan hidup seorang eksil politik Indonesia yang tinggal di Paris.', 2012, 'Fiksi - Novel', 'Bagus', 'Tidak Dipinjam'),
('B00666', 'Becoming', 'Michelle Obama', 'Memoar inspiratif dari mantan Ibu Negara Amerika Serikat, Michelle Obama.', 2018, 'Non-Fiksi - Memoar', 'Rusak', 'Tidak Dipinjam'),
('B00667', 'Wuthering Heights', 'Emily Brontë', 'Kisah tentang cinta yang penuh dengan kebencian dan balas dendam di pedesaan Inggris.', 1847, 'Fiksi - Romansa', 'Bagus', 'Tidak Dipinjam'),
('B00668', 'Charlotte''s Web', 'E.B. White', 'Kisah persahabatan antara seekor babi bernama Wilbur dan seekor laba-laba bernama Charlotte.', 1952, 'Fiksi - Anak', 'Bagus', 'Dipinjam'),
('B00669', 'Lord of the Flies', 'William Golding', 'Sejumlah anak-anak terdampar di sebuah pulau dan berjuang untuk bertahan hidup, namun peradaban mereka mulai hancur.', 1954, 'Fiksi - Petualangan', 'Bagus', 'Dipinjam'),
('B00670', 'Man''s Search for Meaning', 'Viktor E. Frankl', 'Pengalaman seorang tahanan kamp konsentrasi dan filsafat logoterapi.', 1946, 'Non-Fiksi - Psikologi', 'Bagus', 'Dipinjam'),
('B00671', 'A Tale of Two Cities', 'Charles Dickens', 'Kisah cinta dan pengorbanan selama Revolusi Prancis di London dan Paris.', 1859, 'Fiksi - Sejarah', 'Bagus', 'Tidak Dipinjam'),
('B00672', 'Seperti Dendam, Rindu Harus Dibayar Tuntas', 'Eka Kurniawan', 'Novel ini menggambarkan kisah cinta yang penuh dengan perjuangan dan penyesalan.', 2014, 'Fiksi - Novel', 'Bagus', 'Dipinjam'),
('B00673', 'The Picture of Dorian Gray', 'Oscar Wilde', 'Kisah seorang pria muda yang menjaga gambar dirinya tetap muda sementara dirinya sendiri menua dan rusak.', 1890, 'Fiksi - Filosofi', 'Terdapat Coretan', 'Tidak Dipinjam'),
('B00674', 'Laut Bercerita', 'Leila S. Chudori', 'Kisah para aktivis yang hilang di masa Orde Baru Indonesia.', 2017, 'Fiksi - Sejarah', 'Rusak', 'Tidak Dipinjam'),
('B00675', 'Pride and Prejudice', 'Jane Austen', 'Kisah romansa yang berkembang antara Elizabeth Bennet dan Mr. Darcy.', 1813, 'Fiksi - Romansa', 'Halaman hilang', 'Tidak Dipinjam'),
('B00676', 'One Flew Over the Cuckoo''s Nest', 'Kenneth Kesey', 'Cerita tentang kehidupan di rumah sakit jiwa dan pergulatan seorang pria dengan sistem yang opresif.', 1962, 'Fiksi - Psikologi', 'Terdapat Coretan', 'Tidak Dipinjam'),
('B00677', 'The Bell Jar', 'Sylvia Plath', 'Cerita tentang seorang wanita muda yang berjuang melawan depresi dan tantangan mental yang dihadapinya.', 1963, 'Fiksi - Psikologi', 'Bagus', 'Tidak Dipinjam'),
('B00678', 'A Court of Thorns and Roses', 'Sarah J. Maas', 'Kisah seorang wanita yang terjebak di dunia peri setelah membunuh seekor serigala misterius.', 2015, 'Fiksi - Fantasi', 'Bagus', 'Tidak Dipinjam'),
('B00679', 'Ronggeng Dukuh Paruk', 'Ahmad Tohari', 'Perjalanan seorang penari ronggeng dalam kehidupan pedesaan Jawa yang penuh konflik.', 1982, 'Fiksi - Sejarah', 'Bagus', 'Tidak Dipinjam'),
('B00680', 'It Ends with Us', 'Colleen Hoover', 'Kisah emosional tentang cinta, kehilangan, dan keberanian untuk berubah.', 2016, 'Fiksi - Romansa', 'Bagus', 'Tidak Dipinjam'),
('B00681', 'Perahu Kertas', 'Dewi Lestari', 'Kisah cinta dua pemuda yang dipenuhi dengan mimpi dan perjuangan.', 2009, 'Fiksi - Romansa', 'Bagus', 'Dipinjam'),
('B00682', 'Lord of the Rings', 'J.R.R. Tolkien', 'Petualangan epik untuk menghancurkan cincin yang memiliki kekuatan besar di dunia fantasi Middle-earth.', 1954, 'Fiksi - Fantasi', 'Bagus', 'Tidak Dipinjam'),
('B00683', 'The Diary of a Young Girl', 'Anne Frank', 'Buku harian yang ditulis Anne Frank, seorang gadis Yahudi selama Perang Dunia II.', 1947, 'Non-Fiksi - Sejarah', 'Bagus', 'Tidak Dipinjam'),
('B00684', 'Madilog', 'Tan Malaka', 'Esai tentang materialisme, dialektika, dan logika dalam konteks perjuangan Indonesia.', 1943, 'Non-Fiksi - Filosofi', 'Bagus', 'Tidak Dipinjam'),
('B00685', 'The Great Alone', 'Kristin Hannah', 'Kisah sebuah keluarga yang mencoba memulai hidup baru di Alaska yang liar dan berbahaya.', 2018, 'Fiksi - Drama', 'Bagus', 'Tidak Dipinjam'),
('B00686', 'Filosofi Kopi', 'Dewi Lestari', 'Kisah-kisah tentang kehidupan yang dikemas dengan filosofi secangkir kopi.', 2006, 'Fiksi - Kumpulan Cerita Pendek', 'Bagus', 'Tidak Dipinjam'),
('B00687', 'Catch-22', 'Joseph Heller', 'Sebuah cerita satir tentang perang dan kontradiksi dalam situasi yang penuh absurditas.', 1961, 'Fiksi - Satire', 'Bagus', 'Tidak Dipinjam'),
('B00688', 'Where the Crawdads Sing', 'Delia Owens', 'Kisah tentang seorang gadis yang tumbuh sendiri di rawa dan tersangkut kasus pembunuhan.', 2018, 'Fiksi - Drama', 'Bagus', 'Tidak Dipinjam'),
('B00689', 'Frankenstein', 'Mary Shelley', 'Cerita horor klasik tentang ilmuwan yang menciptakan monster yang mengerikan.', 1818, 'Fiksi - Horor', 'Rusak', 'Tidak Dipinjam'),
('B00690', 'Pachinko', 'Min Jin Lee', 'Kisah epik tentang keluarga Korea di Jepang yang bertahan dari diskriminasi dan kesulitan.', 2017, 'Fiksi - Sejarah', 'Bagus', 'Tidak Dipinjam'),
('B00691', 'Hujan', 'Tere Liye', 'Kisah cinta yang penuh dengan kenangan dan pertemuan kembali di masa lalu.', 2016, 'Fiksi - Novel', 'Bagus', 'Tidak Dipinjam'),
('B00692', 'Norwegian Wood', 'Haruki Murakami', 'Kisah cinta, kehilangan, dan pencarian identitas diri di Tokyo.', 1987, 'Fiksi - Romansa', 'Bagus', 'Tidak Dipinjam'),
('B00693', 'The Paper Palace', 'Miranda Cowley Heller', 'Kisah cinta dan rahasia keluarga yang diungkap selama satu hari di musim panas.', 2021, 'Fiksi - Drama', 'Bagus', 'Tidak Dipinjam'),
('B00694', 'Angels and Demons', 'Dan Brown', 'Investigasi misteri yang melibatkan ilmu pengetahuan dan agama.', 2000, 'Fiksi - Thriller', 'Bagus', 'Dipinjam'),
('B00695', 'The Prophet', 'Kahlil Gibran', 'Pesan-pesan penuh kebijaksanaan tentang kehidupan dan kemanusiaan.', 1923, 'Fiksi - Filosofi', 'Bagus', 'Tidak Dipinjam'),
('B00696', 'Kumpulan Cinta', 'Almira M. Setiawan', 'Kumpulan cerita pendek tentang cinta dan kehidupan.', 2020, 'Fiksi - Romansa', 'Halaman hilang', 'Tidak Dipinjam'),
('B00697', 'The Sun Down Motel', 'Simone St. James', 'Seorang wanita yang menyelidiki kejadian misterius di sebuah motel terpencil.', 2020, 'Fiksi - Misteri', 'Halaman hilang', 'Tidak Dipinjam'),
('B00698', 'The Iliad', 'Homer', 'Kisah Perang Troya dan pahlawan seperti Achilles serta Hector.', -750, 'Fiksi - Epik', 'Bagus', 'Tidak Dipinjam'),
('B00699', 'The Immortalists', 'Chloe Benjamin', 'Kisah empat bersaudara yang diberitahu oleh seorang peramal tentang tanggal kematian mereka.', 2018, 'Fiksi - Drama', 'Bagus', 'Tidak Dipinjam'),
('B00700', 'The Hobbit', 'J.R.R. Tolkien', 'Perjalanan seorang hobbit, Bilbo Baggins, dalam pencarian harta karun yang tersembunyi.', 1937, 'Fiksi - Fantasi', 'Bagus', 'Tidak Dipinjam'),
('B00701', 'The Great Alone', 'Kristin Hannah', 'Kisah sebuah keluarga yang mencoba memulai hidup baru di Alaska yang liar dan berbahaya.', 2018, 'Fiksi - Drama', 'Bagus', 'Tidak Dipinjam'),
('B00702', 'The Overstory', 'Richard Powers', 'Cerita epik tentang manusia dan pohon, serta hubungan di antara mereka.', 2018, 'Fiksi - Lingkungan', 'Bagus', 'Tidak Dipinjam'),
('B00703', 'Babad Tanah Jawi', 'Anonim', 'Kisah-kisah tradisional tentang sejarah Jawa dari perspektif legenda dan mitologi.', 2020, 'Non-Fiksi - Sejarah', 'Bagus', 'Tidak Dipinjam'),
('B00704', 'Sang Penandai', 'Tere Liye', 'Petualangan seorang pemuda dalam mencari arti cinta sejati.', 2006, 'Fiksi - Inspirasi', 'Bagus', 'Dipinjam'),
('B00705', 'To Kill a Mockingbird', 'Harper Lee', 'Sejarah perjuangan melawan rasisme dan ketidakadilan melalui pandangan seorang gadis kecil di Alabama.', 1960, 'Fiksi - Drama', 'Bagus', 'Tidak Dipinjam'),
('B00706', 'Habibie dan Ainun', 'Bacharuddin Jusuf Habibie', 'Kisah cinta dan perjalanan hidup Habibie bersama Ainun.', 2010, 'Non-Fiksi - Biografi', 'Bagus', 'Tidak Dipinjam'),
('B00707', 'The Shining', 'Stephen King', 'Horror tentang sebuah keluarga yang terperangkap di sebuah hotel terpencil yang penuh dengan kekuatan jahat.', 1977, 'Fiksi - Horor', 'Bagus', 'Dipinjam'),
('B00708', 'Alchemist', 'Paulo Coelho', 'Cerita tentang seorang pengembara yang mengejar mimpinya menuju harta karun.', 1988, 'Fiksi - Inspirasi', 'Bagus', 'Dipinjam'),
('B00709', 'Atlas Shrugged', 'Ayn Rand', 'Cerita tentang tokoh-tokoh dalam masyarakat kapitalis yang mencoba menemukan arti kehidupan dan kebebasan individu.', 1957, 'Fiksi - Filosofi', 'Bagus', 'Dipinjam'),
('B00710', 'The Jungle Book', 'Rudyard Kipling', 'Kisah Mowgli, anak manusia yang dibesarkan oleh serigala di hutan India.', 1894, 'Fiksi - Petualangan', 'Bagus', 'Dipinjam'),
('B00711', 'The Jungle Book', 'Rudyard Kipling', 'Kisah Mowgli, anak manusia yang dibesarkan oleh serigala di hutan India.', 1894, 'Fiksi - Petualangan', 'Bagus', 'Tidak Dipinjam'),
('B00712', 'Life After Life', 'Kate Atkinson', 'Kisah tentang seorang wanita yang menjalani hidup berulang kali dalam berbagai kemungkinan takdir.', 2013, 'Fiksi - Drama', 'Bagus', 'Tidak Dipinjam'),
('B00713', 'The Shack', 'William P. Young', 'Seorang pria menerima undangan misterius ke sebuah pondok, di mana ia menemukan pengalaman spiritual yang mendalam.', 2007, 'Fiksi - Spiritualitas', 'Bagus', 'Dipinjam'),
('B00714', 'The Diary of a Young Girl', 'Anne Frank', 'Buku harian yang ditulis Anne Frank, seorang gadis Yahudi selama Perang Dunia II.', 1947, 'Non-Fiksi - Sejarah', 'Bagus', 'Tidak Dipinjam'),
('B00715', 'Cirque du Freak', 'Darren Shan', 'Kisah tentang seorang remaja yang menjadi vampire dan terlibat dalam dunia sirkus aneh.', 2000, 'Fiksi - Fantasi', 'Halaman hilang', 'Tidak Dipinjam'),
('B00716', 'Gone Girl', 'Gillian Flynn', 'Seorang wanita hilang secara misterius, dan suaminya menjadi tersangka utama.', 2012, 'Fiksi - Misteri', 'Terdapat Coretan', 'Tidak Dipinjam'),
('B00717', 'The Overstory', 'Richard Powers', 'Cerita epik tentang manusia dan pohon, serta hubungan di antara mereka.', 2018, 'Fiksi - Lingkungan', 'Bagus', 'Tidak Dipinjam'),
('B00718', 'Perahu Kertas', 'Dewi Lestari', 'Kisah cinta dua pemuda yang dipenuhi dengan mimpi dan perjuangan.', 2009, 'Fiksi - Romansa', 'Bagus', 'Tidak Dipinjam'),
('B00719', 'Alice''s Adventures in Wonderland', 'Lewis Carroll', 'Alice jatuh ke lubang kelinci dan menemukan dunia yang penuh keajaiban dan makhluk aneh.', 1865, 'Fiksi - Fantasi', 'Rusak', 'Tidak Dipinjam'),
('B00720', 'War and Peace', 'Leo Tolstoy', 'Epik tentang kehidupan para aristokrat Rusia selama masa Napoleon, dengan perjuangan cinta, perang, dan takdir.', 1869, 'Fiksi - Sejarah', 'Bagus', 'Tidak Dipinjam'),
('B00721', 'Babad Tanah Jawi', 'Anonim', 'Kisah-kisah tradisional tentang sejarah Jawa dari perspektif legenda dan mitologi.', 2020, 'Non-Fiksi - Sejarah', 'Bagus', 'Tidak Dipinjam'),
('B00722', 'How to Win Friends and Influence People', 'Dale Carnegie', 'Panduan klasik untuk membangun hubungan interpersonal yang positif dan efektif.', 1936, 'Non-Fiksi - Pengembangan Diri', 'Halaman hilang', 'Tidak Dipinjam'),
('B00723', 'Pachinko', 'Min Jin Lee', 'Kisah epik tentang keluarga Korea di Jepang yang bertahan dari diskriminasi dan kesulitan.', 2017, 'Fiksi - Sejarah', 'Bagus', 'Tidak Dipinjam'),
('B00724', 'The Nightingale', 'Kristin Hannah', 'Dua saudara perempuan Prancis yang menghadapi Perang Dunia II dengan keberanian dan pengorbanan.', 2015, 'Fiksi - Sejarah', 'Bagus', 'Tidak Dipinjam'),
('B00725', 'The Subtle Art of Not Giving a F*ck', 'Mark Manson', 'Perspektif realistis tentang kebahagiaan dan penerimaan keterbatasan dalam hidup.', 2016, 'Non-Fiksi - Motivasi', 'Bagus', 'Tidak Dipinjam'),
('B00726', 'Lord of the Flies', 'William Golding', 'Sejumlah anak-anak terdampar di sebuah pulau dan berjuang untuk bertahan hidup, namun peradaban mereka mulai hancur.', 1954, 'Fiksi - Petualangan', 'Terdapat Coretan', 'Tidak Dipinjam'),
('B00727', 'The Happiness Project', 'Gretchen Rubin', 'Kisah pencarian kebahagiaan melalui perubahan kebiasaan sehari-hari.', 2009, 'Non-Fiksi - Motivasi', 'Bagus', 'Tidak Dipinjam'),
('B00728', 'Think and Grow Rich', 'Napoleon Hill', 'Panduan klasik tentang prinsip-prinsip untuk mencapai kesuksesan finansial dan pribadi.', 1937, 'Non-Fiksi - Bisnis', 'Bagus', 'Tidak Dipinjam'),
('B00729', 'Be Here Now', 'Ram Dass', 'Buku tentang penerimaan diri dan pentingnya berada di saat ini dengan penuh kesadaran.', 1971, 'Non-Fiksi - Spiritualitas', 'Rusak', 'Tidak Dipinjam'),
('B00730', 'Where the Forest Meets the Stars', 'Glendy Vanderah', 'Kisah tentang seorang wanita yang berusaha merawat dua anak yang membawa harapan dan cinta yang luar biasa.', 2019, 'Fiksi - Drama', 'Bagus', 'Tidak Dipinjam'),
('B00731', 'The Sun Down Motel', 'Simone St. James', 'Seorang wanita yang menyelidiki kejadian misterius di sebuah motel terpencil.', 2020, 'Fiksi - Misteri', 'Bagus', 'Dipinjam'),
('B00732', 'The Shack', 'William P. Young', 'Seorang pria menerima undangan misterius ke sebuah pondok, di mana ia menemukan pengalaman spiritual yang mendalam.', 2007, 'Fiksi - Spiritualitas', 'Bagus', 'Tidak Dipinjam'),
('B00733', 'Shantaram', 'Gregory David Roberts', 'Seorang buronan dari Australia yang melarikan diri ke India dan menjadi bagian dari dunia bawah tanah Mumbai.', 2003, 'Fiksi - Petualangan', 'Bagus', 'Tidak Dipinjam'),
('B00734', 'Harry Potter and the Chamber of Secrets', 'J.K. Rowling', 'Petualangan Harry Potter dalam mengungkap misteri yang ada di dalam Chamber of Secrets.', 1998, 'Fiksi - Fantasi', 'Rusak', 'Tidak Dipinjam'),
('B00735', 'Pachinko', 'Min Jin Lee', 'Kisah epik tentang keluarga Korea di Jepang yang bertahan dari diskriminasi dan kesulitan.', 2017, 'Fiksi - Sejarah', 'Bagus', 'Dipinjam'),
('B00736', 'Alice''s Adventures in Wonderland', 'Lewis Carroll', 'Alice jatuh ke lubang kelinci dan menemukan dunia yang penuh keajaiban dan makhluk aneh.', 1865, 'Fiksi - Fantasi', 'Bagus', 'Tidak Dipinjam'),
('B00737', 'Pulang', 'Leila S. Chudori', 'Perjalanan hidup seorang eksil politik Indonesia yang tinggal di Paris.', 2012, 'Fiksi - Novel', 'Bagus', 'Tidak Dipinjam'),
('B00738', 'The Chronicles of Narnia', 'C.S. Lewis', 'Kisah petualangan di dunia fantasi yang penuh dengan makhluk ajaib dan pertempuran besar antara kebaikan dan kejahatan.', 1950, 'Fiksi - Fantasi', 'Bagus', 'Tidak Dipinjam'),
('B00739', 'Ikigai', 'Héctor García dan Francesc Miralles', 'Panduan untuk menemukan tujuan hidup dengan cara Jepang.', 2016, 'Non-Fiksi - Motivasi', 'Bagus', 'Tidak Dipinjam'),
('B00740', 'The Art of Happiness', 'Dalai Lama XIV and Howard C. Cutler', 'Panduan dari Dalai Lama tentang pencapaian kebahagiaan melalui kehidupan yang lebih bermakna.', 1998, 'Non-Fiksi - Filosofi', 'Bagus', 'Tidak Dipinjam'),
('B00741', 'The Book Thief', 'Markus Zusak', 'Kisah seorang gadis muda di era Nazi Jerman yang mencuri buku untuk melarikan diri dari kenyataan hidupnya.', 2005, 'Fiksi - Sejarah', 'Bagus', 'Tidak Dipinjam'),
('B00742', 'One Hundred Years of Solitude', 'Gabriel García Márquez', 'Kisah tentang keluarga Buendía yang terjebak dalam sejarah penuh misteri dan takdir yang berulang.', 1967, 'Fiksi - Magis Realisme', 'Bagus', 'Tidak Dipinjam'),
('B00743', 'A Tale of Two Cities', 'Charles Dickens', 'Kisah cinta dan pengorbanan selama Revolusi Prancis di London dan Paris.', 1859, 'Fiksi - Sejarah', 'Bagus', 'Tidak Dipinjam'),
('B00744', 'Little Women', 'Louisa May Alcott', 'Empat saudara perempuan belajar tentang cinta, kehilangan, dan impian mereka saat tumbuh dewasa.', 1868, 'Fiksi - Klasik', 'Terdapat Coretan', 'Tidak Dipinjam'),
('B00745', 'The Shining', 'Stephen King', 'Horror tentang sebuah keluarga yang terperangkap di sebuah hotel terpencil yang penuh dengan kekuatan jahat.', 1977, 'Fiksi - Horor', 'Bagus', 'Tidak Dipinjam'),
('B00746', 'Laskar Pelangi', 'Andrea Hirata', 'Sebuah cerita tentang persahabatan, pendidikan, dan impian di Belitung.', 2005, 'Fiksi - Novel', 'Rusak', 'Tidak Dipinjam'),
('B00747', 'The Picture of Dorian Gray', 'Oscar Wilde', 'Kisah seorang pria muda yang menjaga gambar dirinya tetap muda sementara dirinya sendiri menua dan rusak.', 1890, 'Fiksi - Filosofi', 'Bagus', 'Tidak Dipinjam'),
('B00748', 'A Man Called Ove', 'Fredrik Backman', 'Kisah tentang seorang pria pemarah yang hidupnya berubah karena tetangganya yang penuh warna.', 2012, 'Fiksi - Drama', 'Bagus', 'Tidak Dipinjam'),
('B00749', 'Before We Were Strangers', 'Renée Carlino', 'Kisah cinta yang bersemi kembali setelah 15 tahun terpisah.', 2015, 'Fiksi - Romansa', 'Bagus', 'Dipinjam'),
('B00750', 'Circe', 'Madeline Miller', 'Petualangan mitologi Circe, penyihir dalam epik Yunani.', 2018, 'Fiksi - Mitologi', 'Bagus', 'Dipinjam'),
('B00751', 'Sang Pemimpi', 'Andrea Hirata', 'Melanjutkan kisah dalam Laskar Pelangi, menceritakan tentang impian dan perjuangan.', 2006, 'Fiksi - Novel', 'Bagus', 'Dipinjam'),
('B00752', 'Rich Dad Poor Dad', 'Robert T. Kiyosaki', 'Buku tentang prinsip keuangan dan kebebasan finansial.', 1997, 'Non-Fiksi - Keuangan', 'Bagus', 'Dipinjam'),
('B00753', 'Thinking, Fast and Slow', 'Daniel Kahneman', 'Panduan memahami bagaimana pikiran manusia bekerja dalam pengambilan keputusan.', 2011, 'Non-Fiksi - Psikologi', 'Bagus', 'Dipinjam'),
('B00754', 'The Goldfinch', 'Donna Tartt', 'Kisah seorang anak yang hidupnya berubah setelah sebuah tragedi dan pencurian karya seni.', 2013, 'Fiksi - Drama', 'Bagus', 'Tidak Dipinjam'),
('B00755', 'The Maze Runner', 'James Dashner', 'Sekelompok remaja berusaha melarikan diri dari labirin misterius yang penuh jebakan mematikan.', 2009, 'Fiksi - Dystopia', 'Bagus', 'Tidak Dipinjam'),
('B00756', 'Jane Eyre', 'Charlotte Brontë', 'Cerita tentang kehidupan dan perjuangan Jane Eyre yang menjadi seorang wanita kuat meskipun menghadapi banyak rintangan.', 1847, 'Fiksi - Romansa', 'Bagus', 'Dipinjam'),
('B00757', 'Crime and Punishment', 'Fyodor Dostoevsky', 'Cerita tentang seorang pemuda yang berusaha menghadapi rasa bersalah setelah melakukan pembunuhan.', 1866, 'Fiksi - Klasik', 'Halaman hilang', 'Tidak Dipinjam'),
('B00758', 'The Silent Patient', 'Alex Michaelides', 'Kisah misteri tentang seorang pelukis yang berhenti bicara setelah insiden tragis.', 2019, 'Fiksi - Thriller', 'Bagus', 'Tidak Dipinjam'),
('B00759', 'Long Walk to Freedom', 'Nelson Mandela', 'Autobiografi dari Nelson Mandela yang menceritakan perjuangannya melawan apartheid di Afrika Selatan.', 1994, 'Non-Fiksi - Biografi', 'Bagus', 'Tidak Dipinjam'),
('B00760', 'The Brothers Karamazov', 'Fyodor Dostoevsky', 'Cerita tentang tiga saudara yang terlibat dalam konflik moral dan filsafat dalam kehidupan mereka.', 1880, 'Fiksi - Filosofi', 'Bagus', 'Tidak Dipinjam'),
('B00761', 'Dracula', 'Bram Stoker', 'Kisah tentang Count Dracula yang berusaha menguasai dunia melalui kekuatan supranaturalnya.', 1897, 'Fiksi - Horor', 'Bagus', 'Tidak Dipinjam'),
('B00762', 'To Kill a Mockingbird', 'Harper Lee', 'Sejarah perjuangan melawan rasisme dan ketidakadilan melalui pandangan seorang gadis kecil di Alabama.', 1960, 'Fiksi - Drama', 'Bagus', 'Tidak Dipinjam'),
('B00763', 'Ronggeng Dukuh Paruk', 'Ahmad Tohari', 'Perjalanan seorang penari ronggeng dalam kehidupan pedesaan Jawa yang penuh konflik.', 1982, 'Fiksi - Sejarah', 'Bagus', 'Tidak Dipinjam'),
('B00764', 'Sejarah Indonesia', 'Marwati Djoened Poesponegoro', 'Sejarah Indonesia dari masa prasejarah hingga modernisasi Indonesia.', 2020, 'Non-Fiksi - Sejarah', 'Bagus', 'Tidak Dipinjam'),
('B00765', 'Life After Life', 'Kate Atkinson', 'Kisah tentang seorang wanita yang menjalani hidup berulang kali dalam berbagai kemungkinan takdir.', 2013, 'Fiksi - Drama', 'Bagus', 'Tidak Dipinjam'),
('B00766', 'Rich Dad Poor Dad', 'Robert T. Kiyosaki', 'Buku tentang prinsip keuangan dan kebebasan finansial.', 1997, 'Non-Fiksi - Keuangan', 'Bagus', 'Tidak Dipinjam'),
('B00767', 'The Kite Runner', 'Khaled Hosseini', 'Kisah persahabatan dan pengkhianatan yang berlatar belakang sejarah Afghanistan.', 2003, 'Fiksi - Drama', 'Bagus', 'Tidak Dipinjam'),
('B00768', 'The Giver', 'Lois Lowry', 'Jonas, seorang remaja, menemukan kebenaran mengejutkan tentang masyarakatnya yang tampak sempurna.', 1993, 'Fiksi - Dystopia', 'Terdapat Coretan', 'Tidak Dipinjam'),
('B00769', 'Good to Great', 'Jim Collins', 'Panduan untuk membawa perusahaan dari yang baik menjadi hebat dalam waktu yang lama.', 2001, 'Non-Fiksi - Bisnis', 'Bagus', 'Tidak Dipinjam'),
('B00770', 'Lord of the Flies', 'William Golding', 'Sejumlah anak-anak terdampar di sebuah pulau dan berjuang untuk bertahan hidup, namun peradaban mereka mulai hancur.', 1954, 'Fiksi - Petualangan', 'Rusak', 'Tidak Dipinjam'),
('B00771', 'Fahrenheit 451', 'Ray Bradbury', 'Cerita tentang sebuah dunia dimana buku dibakar dan pemikirannya dianggap kejahatan.', 1953, 'Fiksi - Dystopia', 'Bagus', 'Tidak Dipinjam'),
('B00772', 'The Inheritance Games', 'Jennifer Lynn Barnes', 'Seorang remaja biasa yang tiba-tiba menjadi pewaris kekayaan misterius dan permainan penuh teka-teki.', 2020, 'Fiksi - Misteri', 'Bagus', 'Tidak Dipinjam'),
('B00773', 'Brave New World', 'Aldous Huxley', 'Visi masa depan di mana dunia dikendalikan oleh teknologi dan rekayasa sosial.', 1932, 'Fiksi - Dystopia', 'Terdapat Coretan', 'Tidak Dipinjam'),
('B00774', 'Ayat-Ayat Cinta', 'Habiburrahman El Shirazy', 'Kisah cinta yang mendalam antara Cinta dan yang dicintainya.', 2004, 'Fiksi - Romansa', 'Bagus', 'Tidak Dipinjam'),
('B00775', 'The Immortalists', 'Chloe Benjamin', 'Kisah empat bersaudara yang diberitahu oleh seorang peramal tentang tanggal kematian mereka.', 2018, 'Fiksi - Drama', 'Bagus', 'Tidak Dipinjam'),
('B00776', 'The Hobbit', 'J.R.R. Tolkien', 'Perjalanan seorang hobbit, Bilbo Baggins, dalam pencarian harta karun yang tersembunyi.', 1937, 'Fiksi - Fantasi', 'Halaman hilang', 'Tidak Dipinjam'),
('B00777', 'The Great Alone', 'Kristin Hannah', 'Kisah sebuah keluarga yang mencoba memulai hidup baru di Alaska yang liar dan berbahaya.', 2018, 'Fiksi - Drama', 'Bagus', 'Tidak Dipinjam'),
('B00778', 'Lord of the Flies', 'William Golding', 'Sejumlah anak-anak terdampar di sebuah pulau dan berjuang untuk bertahan hidup, namun peradaban mereka mulai hancur.', 1954, 'Fiksi - Petualangan', 'Bagus', 'Tidak Dipinjam'),
('B00779', 'Jane Eyre', 'Charlotte Brontë', 'Cerita tentang kehidupan dan perjuangan Jane Eyre yang menjadi seorang wanita kuat meskipun menghadapi banyak rintangan.', 1847, 'Fiksi - Romansa', 'Terdapat Coretan', 'Tidak Dipinjam'),
('B00780', 'Digital Fortress', 'Dan Brown', 'Sebuah cerita tentang ancaman keamanan digital dan konspirasi di baliknya.', 1998, 'Fiksi - Thriller', 'Bagus', 'Dipinjam'),
('B00781', 'Little Women', 'Louisa May Alcott', 'Empat saudara perempuan belajar tentang cinta, kehilangan, dan impian mereka saat tumbuh dewasa.', 1868, 'Fiksi - Klasik', 'Bagus', 'Tidak Dipinjam'),
('B00782', 'Habibie dan Ainun', 'Bacharuddin Jusuf Habibie', 'Kisah cinta dan perjalanan hidup Habibie bersama Ainun.', 2010, 'Non-Fiksi - Biografi', 'Bagus', 'Tidak Dipinjam'),
('B00783', 'The Shack', 'William P. Young', 'Seorang pria menerima undangan misterius ke sebuah pondok, di mana ia menemukan pengalaman spiritual yang mendalam.', 2007, 'Fiksi - Spiritualitas', 'Bagus', 'Tidak Dipinjam'),
('B00784', 'The Da Vinci Code', 'Dan Brown', 'Robert Langdon terlibat dalam investigasi penuh teka-teki yang mengungkap rahasia kuno Gereja Katolik.', 2003, 'Fiksi - Misteri', 'Bagus', 'Tidak Dipinjam'),
('B00785', 'The Jungle Book', 'Rudyard Kipling', 'Kisah Mowgli, anak manusia yang dibesarkan oleh serigala di hutan India.', 1894, 'Fiksi - Petualangan', 'Bagus', 'Tidak Dipinjam'),
('B00786', 'The Da Vinci Code', 'Dan Brown', 'Robert Langdon terlibat dalam investigasi penuh teka-teki yang mengungkap rahasia kuno Gereja Katolik.', 2003, 'Fiksi - Misteri', 'Bagus', 'Tidak Dipinjam'),
('B00787', 'American Dirt', 'Jeanine Cummins', 'Kisah seorang ibu dan anak yang melarikan diri dari kekerasan kartel narkoba di Meksiko menuju Amerika Serikat.', 2020, 'Fiksi - Drama', 'Bagus', 'Tidak Dipinjam'),
('B00788', 'A Man Called Ove', 'Fredrik Backman', 'Kisah tentang seorang pria pemarah yang hidupnya berubah karena tetangganya yang penuh warna.', 2012, 'Fiksi - Drama', 'Bagus', 'Tidak Dipinjam'),
('B00789', 'Big Little Lies', 'Liane Moriarty', 'Kisah persahabatan antara tiga ibu yang terlibat dalam misteri pembunuhan di komunitas mereka.', 2014, 'Fiksi - Drama', 'Bagus', 'Dipinjam'),
('B00790', 'Frankenstein', 'Mary Shelley', 'Cerita horor klasik tentang ilmuwan yang menciptakan monster yang mengerikan.', 1818, 'Fiksi - Horor', 'Bagus', 'Tidak Dipinjam'),
('B00791', 'Emma', 'Jane Austen', 'Seorang wanita muda yang penuh semangat mencoba untuk mengatur hubungan orang lain, namun berakhir dengan jatuh cinta pada orang yang tidak diduga.', 1815, 'Fiksi - Romansa', 'Terdapat Coretan', 'Tidak Dipinjam'),
('B00792', 'Madilog', 'Tan Malaka', 'Esai tentang materialisme, dialektika, dan logika dalam konteks perjuangan Indonesia.', 1943, 'Non-Fiksi - Filosofi', 'Bagus', 'Dipinjam');


INSERT INTO Peminjaman
(ID_pm, Waktu_Pinjam_pm, Batas_Kembali_pm, Pengunjung_NIK_k, Pustakawan_NIK_pt)
VALUES
('PM0001', '2026-05-30', '2026-06-06', '1234567890123470', '5678901234567899'),
('PM0002', '2026-05-31', '2026-06-07', '1234567890123469', '5678901234567893'),
('PM0003', '2026-05-28', '2026-05-31', '7890123456789030', '5678901234567909'),
('PM0004', '2026-05-30', '2026-06-04', '7890123456789015', '5678901234567900'),
('PM0005', '2026-05-31', '2026-06-07', '2345678901234584', '5678901234567906'),
('PM0006', '2026-06-01', '2026-06-08', '3456789012345696', '5678901234567898'),
('PM0007', '2026-05-27', '2026-06-01', '3456789012345678', '5678901234567904'),
('PM0008', '2026-06-01', '2026-06-04', '2345678901234582', '5678901234567899'),
('PM0009', '2026-05-31', '2026-06-07', '3456789012345694', '5678901234567894'),
('PM0010', '2026-05-27', '2026-06-03', '1234567890123466', '5678901234567908'),
('PM0011', '2026-05-28', '2026-05-31', '2345678901234570', '5678901234567897'),
('PM0012', '2026-05-30', '2026-06-02', '7890123456789050', '5678901234567898'),
('PM0013', '2026-05-30', '2026-06-02', '1234567890123464', '5678901234567906'),
('PM0014', '2026-05-29', '2026-06-03', '7890123456789046', '5678901234567895'),
('PM0015', '2026-06-01', '2026-06-06', '3456789012345700', '5678901234567894'),
('PM0016', '2026-05-31', '2026-06-07', '4567890123456807', '5678901234567905'),
('PM0017', '2026-05-30', '2026-06-04', '2345678901234574', '5678901234567892'),
('PM0018', '2026-05-31', '2026-06-07', '7890123456789043', '5678901234567903'),
('PM0019', '2026-05-31', '2026-06-03', '7890123456789025', '5678901234567898'),
('PM0020', '2026-06-01', '2026-06-04', '3456789012345696', '5678901234567893'),
('PM0021', '2026-05-27', '2026-05-30', '7890123456789012', '5678901234567907'),
('PM0022', '2026-05-29', '2026-06-05', '1234567890123471', '5678901234567901'),
('PM0023', '2026-05-29', '2026-06-01', '2345678901234576', '5678901234567906'),
('PM0024', '2026-05-31', '2026-06-05', '7890123456789043', '5678901234567902'),
('PM0025', '2026-06-01', '2026-06-04', '3456789012345701', '5678901234567908'),
('PM0026', '2026-05-31', '2026-06-07', '2345678901234583', '5678901234567893'),
('PM0027', '2026-06-01', '2026-06-06', '7890123456789041', '5678901234567906'),
('PM0028', '2026-05-29', '2026-06-01', '3456789012345683', '5678901234567890'),
('PM0029', '2026-05-26', '2026-06-02', '2345678901234579', '5678901234567893'),
('PM0030', '2026-05-31', '2026-06-03', '1234567890123470', '5678901234567896'),
('PM0031', '2026-06-01', '2026-06-08', '7890123456789047', '5678901234567907'),
('PM0032', '2026-05-29', '2026-06-05', '4567890123456789', '5678901234567907'),
('PM0033', '2026-05-29', '2026-06-03', '2345678901234590', '5678901234567894'),
('PM0034', '2026-06-01', '2026-06-06', '3456789012345699', '5678901234567898'),
('PM0035', '2026-05-30', '2026-06-04', '7890123456789025', '5678901234567893'),
('PM0036', '2026-06-01', '2026-06-04', '7890123456789043', '5678901234567908'),
('PM0037', '2026-06-01', '2026-06-04', '4567890123456814', '5678901234567903'),
('PM0038', '2026-05-27', '2026-05-30', '2345678901234590', '5678901234567899'),
('PM0039', '2026-06-01', '2026-06-08', '7890123456789052', '5678901234567907'),
('PM0040', '2026-05-26', '2026-06-02', '1234567890123456', '5678901234567891'),
('PM0041', '2026-05-31', '2026-06-03', '4567890123456792', '5678901234567902'),
('PM0042', '2026-05-26', '2026-05-29', '7890123456789047', '5678901234567893'),
('PM0043', '2026-05-30', '2026-06-04', '7890123456789029', '5678901234567906'),
('PM0044', '2026-05-31', '2026-06-07', '1234567890123462', '5678901234567898'),
('PM0045', '2026-05-29', '2026-06-05', '4567890123456803', '5678901234567908'),
('PM0046', '2026-05-26', '2026-05-29', '4567890123456807', '5678901234567891'),
('PM0047', '2026-05-30', '2026-06-04', '4567890123456813', '5678901234567908'),
('PM0048', '2026-05-31', '2026-06-05', '3456789012345700', '5678901234567894'),
('PM0049', '2026-06-01', '2026-06-08', '7890123456789015', '5678901234567893'),
('PM0050', '2026-05-31', '2026-06-03', '7890123456789030', '5678901234567895'),
('PM0051', '2026-06-01', '2026-06-04', '7890123456789051', '5678901234567899'),
('PM0052', '2026-05-30', '2026-06-04', '4567890123456810', '5678901234567891'),
('PM0053', '2026-06-01', '2026-06-04', '7890123456789043', '5678901234567890'),
('PM0054', '2026-05-29', '2026-06-03', '4567890123456802', '5678901234567905'),
('PM0055', '2026-06-01', '2026-06-06', '4567890123456792', '5678901234567892'),
('PM0056', '2026-05-28', '2026-06-04', '4567890123456808', '5678901234567904'),
('PM0057', '2026-05-28', '2026-06-04', '3456789012345681', '5678901234567891'),
('PM0058', '2026-05-31', '2026-06-03', '4567890123456802', '5678901234567897'),
('PM0059', '2026-05-26', '2026-05-29', '2345678901234570', '5678901234567896'),
('PM0060', '2026-05-31', '2026-06-05', '4567890123456814', '5678901234567907'),
('PM0061', '2026-05-30', '2026-06-02', '2345678901234570', '5678901234567898'),
('PM0062', '2026-06-01', '2026-06-04', '7890123456789032', '5678901234567896'),
('PM0063', '2026-05-28', '2026-06-02', '7890123456789027', '5678901234567899'),
('PM0064', '2026-05-31', '2026-06-03', '3456789012345689', '5678901234567907'),
('PM0065', '2026-06-01', '2026-06-06', '7890123456789045', '5678901234567901'),
('PM0066', '2026-06-01', '2026-06-04', '3456789012345687', '5678901234567898'),
('PM0067', '2026-06-01', '2026-06-04', '7890123456789014', '5678901234567903'),
('PM0068', '2026-06-01', '2026-06-06', '1234567890123467', '5678901234567894'),
('PM0069', '2026-05-27', '2026-05-30', '4567890123456811', '5678901234567902'),
('PM0070', '2026-05-28', '2026-06-02', '1234567890123465', '5678901234567894'),
('PM0071', '2026-06-01', '2026-06-06', '3456789012345687', '5678901234567898'),
('PM0072', '2026-05-29', '2026-06-05', '7890123456789041', '5678901234567899'),
('PM0073', '2026-05-29', '2026-06-05', '3456789012345693', '5678901234567897'),
('PM0074', '2026-05-27', '2026-06-01', '3456789012345680', '5678901234567900'),
('PM0075', '2026-05-28', '2026-05-31', '7890123456789040', '5678901234567891'),
('PM0076', '2026-05-28', '2026-06-04', '1234567890123460', '5678901234567890'),
('PM0077', '2026-05-28', '2026-06-04', '2345678901234568', '5678901234567895'),
('PM0078', '2026-05-27', '2026-06-03', '1234567890123464', '5678901234567899'),
('PM0079', '2026-05-31', '2026-06-05', '7890123456789054', '5678901234567902'),
('PM0080', '2026-05-30', '2026-06-06', '2345678901234575', '5678901234567899'),
('PM0081', '2026-05-27', '2026-05-30', '3456789012345700', '5678901234567892'),
('PM0082', '2026-05-29', '2026-06-01', '4567890123456794', '5678901234567908'),
('PM0083', '2026-05-28', '2026-06-02', '3456789012345686', '5678901234567893'),
('PM0084', '2026-05-28', '2026-06-04', '3456789012345694', '5678901234567896'),
('PM0085', '2026-05-31', '2026-06-03', '4567890123456799', '5678901234567907'),
('PM0086', '2026-05-27', '2026-05-30', '7890123456789036', '5678901234567908'),
('PM0087', '2026-05-29', '2026-06-01', '7890123456789021', '5678901234567904'),
('PM0088', '2026-05-25', '2026-05-30', '7890123456789042', '5678901234567906'),
('PM0089', '2026-05-29', '2026-06-05', '3456789012345678', '5678901234567905'),
('PM0090', '2026-05-29', '2026-06-05', '7890123456789042', '5678901234567904'),
('PM0091', '2026-05-24', '2026-05-27', '3456789012345685', '5678901234567906'),
('PM0092', '2026-05-25', '2026-05-28', '2345678901234579', '5678901234567907'),
('PM0093', '2026-05-29', '2026-06-03', '1234567890123470', '5678901234567907'),
('PM0094', '2026-05-29', '2026-06-03', '7890123456789053', '5678901234567907'),
('PM0095', '2026-05-31', '2026-06-07', '7890123456789054', '5678901234567897'),
('PM0096', '2026-05-25', '2026-05-30', '1234567890123474', '5678901234567897'),
('PM0097', '2026-05-28', '2026-05-31', '1234567890123474', '5678901234567900'),
('PM0098', '2026-05-30', '2026-06-02', '7890123456789050', '5678901234567901'),
('PM0099', '2026-05-28', '2026-06-02', '4567890123456818', '5678901234567903'),
('PM0100', '2026-05-24', '2026-05-29', '3456789012345702', '5678901234567902'),
('PM0101', '2026-05-27', '2026-06-03', '4567890123456789', '5678901234567902'),
('PM0102', '2026-05-30', '2026-06-06', '4567890123456797', '5678901234567898'),
('PM0103', '2026-05-28', '2026-06-02', '4567890123456789', '5678901234567902'),
('PM0104', '2026-05-26', '2026-06-02', '1234567890123476', '5678901234567898'),
('PM0105', '2026-05-22', '2026-05-27', '2345678901234573', '5678901234567903'),
('PM0106', '2026-05-28', '2026-05-31', '4567890123456804', '5678901234567903'),
('PM0107', '2026-05-26', '2026-05-29', '7890123456789012', '5678901234567897'),
('PM0108', '2026-05-25', '2026-05-30', '7890123456789048', '5678901234567902'),
('PM0109', '2026-05-24', '2026-05-27', '4567890123456790', '5678901234567903'),
('PM0110', '2026-05-31', '2026-06-07', '1234567890123464', '5678901234567902'),
('PM0111', '2026-05-23', '2026-05-30', '7890123456789035', '5678901234567901'),
('PM0112', '2026-05-27', '2026-05-30', '7890123456789037', '5678901234567896'),
('PM0113', '2026-05-23', '2026-05-26', '7890123456789031', '5678901234567890'),
('PM0114', '2026-05-28', '2026-06-04', '1234567890123463', '5678901234567896'),
('PM0115', '2026-05-27', '2026-06-01', '7890123456789026', '5678901234567892'),
('PM0116', '2026-05-26', '2026-05-31', '7890123456789028', '5678901234567892'),
('PM0117', '2026-05-28', '2026-05-31', '4567890123456809', '5678901234567893'),
('PM0118', '2026-05-25', '2026-05-30', '2345678901234587', '5678901234567890'),
('PM0119', '2026-05-27', '2026-06-03', '7890123456789039', '5678901234567895'),
('PM0120', '2026-05-26', '2026-05-29', '7890123456789013', '5678901234567895'),
('PM0121', '2026-05-28', '2026-06-02', '4567890123456803', '5678901234567895'),
('PM0122', '2026-05-23', '2026-05-30', '7890123456789024', '5678901234567894'),
('PM0123', '2026-05-27', '2026-06-01', '7890123456789022', '5678901234567894'),
('PM0124', '2026-05-23', '2026-05-28', '7890123456789022', '5678901234567890'),
('PM0125', '2026-05-24', '2026-05-27', '2345678901234567', '5678901234567890');


INSERT INTO Waktu_kunjung
(ID_wk, Waktu_Masuk_wk, Waktu_Keluar_wk, Pengunjung_NIK_k)
VALUES
('WK0001', '2026-05-29 16:30:00', '2026-05-29 17:28:00', '2345678901234569'),
('WK0002', '2026-05-30 16:14:00', '2026-05-30 17:06:00', '2345678901234569'),
('WK0003', '2026-05-31 18:40:00', '2026-05-31 19:59:00', '2345678901234569'),
('WK0004', '2026-06-01 05:25:00', '2026-06-01 05:43:00', '2345678901234569'),
('WK0005', '2026-05-29 13:32:00', '2026-05-29 14:46:00', '4567890123456805'),
('WK0006', '2026-05-30 19:25:00', '2026-05-30 19:59:00', '3456789012345680'),
('WK0007', '2026-05-31 19:02:00', '2026-05-31 19:59:00', '3456789012345680'),
('WK0008', '2026-06-01 09:41:00', '2026-06-01 10:15:00', '3456789012345680'),
('WK0009', '2026-05-29 12:49:00', '2026-05-29 13:36:00', '3456789012345680'),
('WK0010', '2026-05-30 10:52:00', '2026-05-30 12:02:00', '4567890123456798'),
('WK0011', '2026-05-31 15:36:00', '2026-05-31 16:57:00', '4567890123456798'),
('WK0012', '2026-06-01 09:47:00', '2026-06-01 10:38:00', '4567890123456798'),
('WK0013', '2026-05-29 09:18:00', '2026-05-29 10:07:00', '7890123456789056'),
('WK0014', '2026-05-30 19:09:00', '2026-05-30 19:59:00', '7890123456789056'),
('WK0015', '2026-05-31 13:50:00', '2026-05-31 15:04:00', '7890123456789056'),
('WK0016', '2026-06-01 09:10:00', '2026-06-01 09:17:00', '7890123456789055'),
('WK0017', '2026-05-29 09:29:00', '2026-05-29 10:41:00', '7890123456789055'),
('WK0018', '2026-05-30 18:22:00', '2026-05-30 19:59:00', '4567890123456810'),
('WK0019', '2026-05-31 19:40:00', '2026-05-31 20:00:00', '7890123456789047'),
('WK0020', '2026-06-01 10:09:00', '2026-06-01 11:50:00', '7890123456789047'),
('WK0021', '2026-05-29 11:46:00', '2026-05-29 13:09:00', '7890123456789047'),
('WK0022', '2026-05-30 15:51:00', '2026-05-30 16:27:00', '4567890123456810'),
('WK0023', '2026-05-31 19:29:00', '2026-05-31 19:59:00', '4567890123456798'),
('WK0024', '2026-06-01 08:42:00', '2026-06-01 09:26:00', '2345678901234588'),
('WK0025', '2026-05-29 10:07:00', '2026-05-29 10:38:00', '2345678901234588'),
('WK0026', '2026-05-30 10:52:00', '2026-05-30 12:31:00', '2345678901234588'),
('WK0027', '2026-05-31 12:38:00', '2026-05-31 13:41:00', '7890123456789031'),
('WK0028', '2026-06-01 07:22:00', '2026-06-01 09:17:00', '7890123456789031'),
('WK0029', '2026-05-29 10:54:00', '2026-05-29 12:45:00', '7890123456789019'),
('WK0030', '2026-05-30 15:38:00', '2026-05-30 17:08:00', '7890123456789019'),
('WK0031', '2026-05-31 14:03:00', '2026-05-31 15:31:00', '7890123456789019'),
('WK0032', '2026-06-01 09:56:00', '2026-06-01 10:36:00', '4567890123456794'),
('WK0033', '2026-05-29 16:36:00', '2026-05-29 18:24:00', '7890123456789050'),
('WK0034', '2026-05-30 18:17:00', '2026-05-30 19:20:00', '2345678901234568'),
('WK0035', '2026-05-31 08:44:00', '2026-05-31 10:30:00', '2345678901234568'),
('WK0036', '2026-06-01 06:44:00', '2026-06-01 07:49:00', '2345678901234568'),
('WK0037', '2026-05-29 15:29:00', '2026-05-29 16:56:00', '7890123456789030'),
('WK0038', '2026-05-30 10:54:00', '2026-05-30 12:51:00', '7890123456789030'),
('WK0039', '2026-05-31 14:21:00', '2026-05-31 16:05:00', '7890123456789030'),
('WK0040', '2026-06-01 06:29:00', '2026-06-01 07:18:00', '3456789012345686'),
('WK0041', '2026-05-29 18:26:00', '2026-05-29 19:20:00', '3456789012345686'),
('WK0042', '2026-05-30 17:46:00', '2026-05-30 18:20:00', '3456789012345686'),
('WK0043', '2026-05-31 09:42:00', '2026-05-31 11:39:00', '3456789012345686'),
('WK0044', '2026-06-01 09:00:00', '2026-06-01 09:54:00', '7890123456789040'),
('WK0045', '2026-05-29 14:39:00', '2026-05-29 16:30:00', '7890123456789012'),
('WK0046', '2026-05-30 14:01:00', '2026-05-30 15:00:00', '1234567890123475'),
('WK0047', '2026-05-31 16:57:00', '2026-05-31 18:27:00', '1234567890123475'),
('WK0048', '2026-06-01 12:12:00', '2026-06-01 12:54:00', '1234567890123475'),
('WK0049', '2026-05-29 18:58:00', '2026-05-29 19:59:00', '1234567890123475'),
('WK0050', '2026-05-30 19:30:00', '2026-05-30 19:59:00', '7890123456789026'),
('WK0051', '2026-05-31 10:23:00', '2026-05-31 12:15:00', '7890123456789026'),
('WK0052', '2026-06-01 05:32:00', '2026-06-01 06:03:00', '7890123456789026'),
('WK0053', '2026-05-29 16:57:00', '2026-05-29 18:29:00', '7890123456789026'),
('WK0054', '2026-05-30 19:21:00', '2026-05-30 19:59:00', '7890123456789047'),
('WK0055', '2026-05-31 16:00:00', '2026-05-31 17:23:00', '7890123456789047'),
('WK0056', '2026-06-01 05:30:00', '2026-06-01 07:18:00', '7890123456789047'),
('WK0057', '2026-05-29 18:04:00', '2026-05-29 19:23:00', '7890123456789047'),
('WK0058', '2026-05-30 09:49:00', '2026-05-30 11:46:00', '7890123456789036'),
('WK0059', '2026-05-31 15:24:00', '2026-05-31 17:06:00', '4567890123456803'),
('WK0060', '2026-06-01 06:35:00', '2026-06-01 07:20:00', '4567890123456803'),
('WK0061', '2026-05-29 12:00:00', '2026-05-29 13:59:00', '4567890123456803'),
('WK0062', '2026-05-30 10:34:00', '2026-05-30 11:28:00', '4567890123456803'),
('WK0063', '2026-05-31 10:56:00', '2026-05-31 12:27:00', '4567890123456805'),
('WK0064', '2026-06-01 08:43:00', '2026-06-01 10:33:00', '4567890123456805'),
('WK0065', '2026-05-29 16:48:00', '2026-05-29 17:33:00', '4567890123456805'),
('WK0066', '2026-05-30 13:05:00', '2026-05-30 14:26:00', '4567890123456805'),
('WK0067', '2026-05-31 10:18:00', '2026-05-31 11:26:00', '2345678901234586'),
('WK0068', '2026-06-01 08:58:00', '2026-06-01 10:19:00', '2345678901234586'),
('WK0069', '2026-05-29 12:06:00', '2026-05-29 13:11:00', '2345678901234586'),
('WK0070', '2026-05-30 10:54:00', '2026-05-30 11:33:00', '3456789012345700'),
('WK0071', '2026-05-31 12:11:00', '2026-05-31 13:36:00', '3456789012345700'),
('WK0072', '2026-06-01 13:37:00', NULL, '3456789012345700'),
('WK0073', '2026-05-29 19:40:00', '2026-05-29 19:47:00', '3456789012345700'),
('WK0074', '2026-05-30 12:15:00', '2026-05-30 14:14:00', '7890123456789047'),
('WK0075', '2026-05-31 13:45:00', '2026-05-31 14:33:00', '4567890123456813'),
('WK0076', '2026-06-01 08:23:00', '2026-06-01 09:17:00', '2345678901234567'),
('WK0077', '2026-05-29 16:27:00', '2026-05-29 17:35:00', '2345678901234567'),
('WK0078', '2026-05-30 11:44:00', '2026-05-30 12:36:00', '2345678901234567'),
('WK0079', '2026-05-31 10:45:00', '2026-05-31 11:15:00', '7890123456789020'),
('WK0080', '2026-06-01 08:06:00', '2026-06-01 08:57:00', '7890123456789020'),
('WK0081', '2026-05-29 18:11:00', '2026-05-29 19:48:00', '7890123456789020'),
('WK0082', '2026-05-30 15:53:00', '2026-05-30 17:44:00', '7890123456789020'),
('WK0083', '2026-05-31 15:31:00', '2026-05-31 17:28:00', '2345678901234587'),
('WK0084', '2026-06-01 12:09:00', '2026-06-01 13:48:00', '2345678901234587'),
('WK0085', '2026-05-29 15:33:00', '2026-05-29 17:33:00', '7890123456789033'),
('WK0086', '2026-05-30 09:06:00', '2026-05-30 11:03:00', '7890123456789033'),
('WK0087', '2026-05-31 08:39:00', '2026-05-31 10:09:00', '3456789012345692'),
('WK0088', '2026-06-01 08:05:00', '2026-06-01 09:27:00', '1234567890123461'),
('WK0089', '2026-05-29 18:49:00', '2026-05-29 19:59:00', '1234567890123461'),
('WK0090', '2026-05-30 16:39:00', '2026-05-30 18:36:00', '1234567890123461'),
('WK0091', '2026-05-31 14:30:00', '2026-05-31 15:42:00', '3456789012345690'),
('WK0092', '2026-06-01 08:45:00', '2026-06-01 10:17:00', '3456789012345690'),
('WK0093', '2026-05-29 15:51:00', '2026-05-29 17:46:00', '3456789012345690'),
('WK0094', '2026-05-30 09:54:00', '2026-05-30 11:30:00', '4567890123456802'),
('WK0095', '2026-05-31 08:50:00', '2026-05-31 10:29:00', '4567890123456802'),
('WK0096', '2026-06-01 08:08:00', '2026-06-01 09:42:00', '1234567890123466'),
('WK0097', '2026-05-29 13:43:00', '2026-05-29 15:38:00', '1234567890123466'),
('WK0098', '2026-05-30 11:39:00', '2026-05-30 12:36:00', '1234567890123466'),
('WK0099', '2026-05-31 08:46:00', '2026-05-31 09:31:00', '1234567890123466'),
('WK0100', '2026-06-01 12:39:00', '2026-06-01 13:22:00', '4567890123456809'),
('WK0101', '2026-05-29 13:16:00', '2026-05-29 14:03:00', '4567890123456809'),
('WK0102', '2026-05-30 10:57:00', '2026-05-30 11:35:00', '2345678901234590'),
('WK0103', '2026-05-31 17:12:00', '2026-05-31 18:49:00', '2345678901234567'),
('WK0104', '2026-06-01 13:38:00', NULL, '2345678901234567'),
('WK0105', '2026-05-29 16:29:00', '2026-05-29 17:44:00', '2345678901234567'),
('WK0106', '2026-05-30 18:51:00', '2026-05-30 19:59:00', '1234567890123459'),
('WK0107', '2026-05-31 08:06:00', '2026-05-31 09:49:00', '1234567890123459'),
('WK0108', '2026-06-01 12:24:00', '2026-06-01 13:29:00', '1234567890123459'),
('WK0109', '2026-05-29 12:31:00', '2026-05-29 13:34:00', '7890123456789021'),
('WK0110', '2026-05-30 11:42:00', '2026-05-30 13:18:00', '7890123456789021'),
('WK0111', '2026-05-31 11:30:00', '2026-05-31 12:56:00', '7890123456789021'),
('WK0112', '2026-06-01 09:18:00', '2026-06-01 10:05:00', '7890123456789021'),
('WK0113', '2026-05-29 15:42:00', '2026-05-29 16:45:00', '7890123456789043'),
('WK0114', '2026-05-30 16:48:00', '2026-05-30 17:30:00', '7890123456789043'),
('WK0115', '2026-05-31 10:16:00', '2026-05-31 11:24:00', '7890123456789043'),
('WK0116', '2026-06-01 09:44:00', '2026-06-01 10:52:00', '4567890123456809'),
('WK0117', '2026-05-29 10:45:00', '2026-05-29 11:42:00', '4567890123456789'),
('WK0118', '2026-05-30 11:26:00', '2026-05-30 12:24:00', '4567890123456806'),
('WK0119', '2026-05-31 19:23:00', '2026-05-31 19:59:00', '4567890123456806'),
('WK0120', '2026-06-01 09:00:00', '2026-06-01 10:48:00', '4567890123456806'),
('WK0121', '2026-05-29 16:45:00', '2026-05-29 18:24:00', '4567890123456806'),
('WK0122', '2026-05-30 10:48:00', '2026-05-30 11:42:00', '2345678901234584'),
('WK0123', '2026-05-31 15:11:00', '2026-05-31 16:50:00', '2345678901234584'),
('WK0124', '2026-06-01 05:06:00', '2026-06-01 06:04:00', '2345678901234584'),
('WK0125', '2026-05-29 09:27:00', '2026-05-29 11:05:00', '2345678901234584'),
('WK0126', '2026-05-30 15:15:00', '2026-05-30 16:38:00', '2345678901234587'),
('WK0127', '2026-05-31 18:42:00', '2026-05-31 19:48:00', '7890123456789046'),
('WK0128', '2026-06-01 07:43:00', '2026-06-01 08:42:00', '7890123456789046'),
('WK0129', '2026-05-29 08:08:00', '2026-05-29 08:53:00', '7890123456789046'),
('WK0130', '2026-05-30 13:03:00', '2026-05-30 14:12:00', '7890123456789014'),
('WK0131', '2026-05-31 11:01:00', '2026-05-31 13:00:00', '1234567890123471'),
('WK0132', '2026-06-01 12:12:00', '2026-06-01 12:41:00', '1234567890123471'),
('WK0133', '2026-05-29 08:06:00', '2026-05-29 08:35:00', '1234567890123471'),
('WK0134', '2026-05-30 14:35:00', '2026-05-30 15:53:00', '1234567890123471'),
('WK0135', '2026-05-31 15:51:00', '2026-05-31 17:17:00', '1234567890123469'),
('WK0136', '2026-06-01 10:48:00', '2026-06-01 12:31:00', '1234567890123469'),
('WK0137', '2026-05-29 17:55:00', '2026-05-29 19:54:00', '1234567890123469'),
('WK0138', '2026-05-30 09:09:00', '2026-05-30 10:30:00', '1234567890123469'),
('WK0139', '2026-05-31 15:40:00', '2026-05-31 17:01:00', '3456789012345695'),
('WK0140', '2026-06-01 13:21:00', '2026-06-01 14:12:00', '3456789012345695'),
('WK0141', '2026-05-29 13:20:00', '2026-05-29 14:50:00', '7890123456789022'),
('WK0142', '2026-05-30 18:31:00', '2026-05-30 19:36:00', '7890123456789022'),
('WK0143', '2026-05-31 17:32:00', '2026-05-31 18:45:00', '7890123456789022'),
('WK0144', '2026-06-01 08:48:00', '2026-06-01 10:25:00', '7890123456789053'),
('WK0145', '2026-05-29 19:00:00', '2026-05-29 19:34:00', '7890123456789053'),
('WK0146', '2026-05-30 17:08:00', '2026-05-30 17:42:00', '7890123456789053'),
('WK0147', '2026-05-31 11:35:00', '2026-05-31 12:17:00', '7890123456789053'),
('WK0148', '2026-06-01 09:44:00', '2026-06-01 10:56:00', '4567890123456801'),
('WK0149', '2026-05-29 09:00:00', '2026-05-29 10:47:00', '4567890123456801'),
('WK0150', '2026-05-30 11:06:00', '2026-05-30 11:57:00', '4567890123456801'),
('WK0151', '2026-05-31 15:15:00', '2026-05-31 16:12:00', '4567890123456798'),
('WK0152', '2026-06-01 08:03:00', '2026-06-01 09:11:00', '4567890123456798'),
('WK0153', '2026-05-29 18:54:00', '2026-05-29 19:59:00', '4567890123456798'),
('WK0154', '2026-05-30 10:07:00', '2026-05-30 11:44:00', '4567890123456798'),
('WK0155', '2026-05-31 09:22:00', '2026-05-31 11:17:00', '2345678901234580'),
('WK0156', '2026-06-01 09:09:00', '2026-06-01 10:47:00', '2345678901234581'),
('WK0157', '2026-05-29 09:27:00', '2026-05-29 10:18:00', '2345678901234581'),
('WK0158', '2026-05-30 18:02:00', '2026-05-30 19:30:00', '3456789012345685'),
('WK0159', '2026-05-31 09:44:00', '2026-05-31 10:27:00', '3456789012345685'),
('WK0160', '2026-06-01 07:39:00', '2026-06-01 08:49:00', '3456789012345685'),
('WK0161', '2026-05-29 13:43:00', '2026-05-29 14:35:00', '3456789012345685'),
('WK0162', '2026-05-30 10:39:00', '2026-05-30 12:33:00', '7890123456789050'),
('WK0163', '2026-05-31 17:19:00', '2026-05-31 18:27:00', '7890123456789050'),
('WK0164', '2026-06-01 08:40:00', '2026-06-01 09:10:00', '7890123456789050'),
('WK0165', '2026-05-29 16:23:00', '2026-05-29 17:50:00', '7890123456789050'),
('WK0166', '2026-05-30 12:22:00', '2026-05-30 14:08:00', '7890123456789047'),
('WK0167', '2026-05-31 12:35:00', '2026-05-31 13:07:00', '4567890123456806'),
('WK0168', '2026-06-01 09:35:00', '2026-06-01 10:54:00', '4567890123456806'),
('WK0169', '2026-05-29 16:16:00', '2026-05-29 18:08:00', '7890123456789033'),
('WK0170', '2026-05-30 18:47:00', '2026-05-30 19:52:00', '7890123456789033'),
('WK0171', '2026-05-31 13:27:00', '2026-05-31 14:44:00', '1234567890123463'),
('WK0172', '2026-06-01 10:44:00', '2026-06-01 12:12:00', '1234567890123463'),
('WK0173', '2026-05-29 17:51:00', '2026-05-29 19:07:00', '7890123456789024'),
('WK0174', '2026-05-30 11:59:00', '2026-05-30 13:56:00', '7890123456789040'),
('WK0175', '2026-05-31 14:39:00', '2026-05-31 15:53:00', '7890123456789040'),
('WK0176', '2026-06-01 08:59:00', '2026-06-01 10:54:00', '2345678901234571'),
('WK0177', '2026-05-29 19:25:00', '2026-05-29 19:59:00', '2345678901234571'),
('WK0178', '2026-05-30 09:04:00', '2026-05-30 10:56:00', '2345678901234571'),
('WK0179', '2026-05-31 13:41:00', '2026-05-31 14:51:00', '2345678901234571'),
('WK0180', '2026-06-01 09:13:00', '2026-06-01 09:56:00', '7890123456789049'),
('WK0181', '2026-05-29 12:18:00', '2026-05-29 13:41:00', '7890123456789049'),
('WK0182', '2026-05-30 12:17:00', '2026-05-30 13:16:00', '7890123456789049'),
('WK0183', '2026-05-31 12:31:00', '2026-05-31 14:10:00', '7890123456789012'),
('WK0184', '2026-06-01 10:27:00', '2026-06-01 11:21:00', '7890123456789012'),
('WK0185', '2026-05-29 16:59:00', '2026-05-29 17:37:00', '7890123456789012'),
('WK0186', '2026-05-30 18:09:00', '2026-05-30 19:59:00', '7890123456789012'),
('WK0187', '2026-05-31 17:24:00', '2026-05-31 18:51:00', '1234567890123463'),
('WK0188', '2026-06-01 11:57:00', '2026-06-01 13:36:00', '1234567890123465'),
('WK0189', '2026-05-29 14:30:00', '2026-05-29 15:47:00', '2345678901234577'),
('WK0190', '2026-05-30 18:11:00', '2026-05-30 19:07:00', '2345678901234577'),
('WK0191', '2026-05-31 19:20:00', '2026-05-31 19:59:00', '3456789012345698'),
('WK0192', '2026-06-01 06:44:00', '2026-06-01 07:16:00', '3456789012345698'),
('WK0193', '2026-05-29 12:49:00', '2026-05-29 13:45:00', '7890123456789054'),
('WK0194', '2026-05-30 15:18:00', '2026-05-30 16:57:00', '1234567890123472'),
('WK0195', '2026-05-31 14:42:00', '2026-05-31 15:24:00', '7890123456789041'),
('WK0196', '2026-06-01 06:34:00', '2026-06-01 08:26:00', '7890123456789041'),
('WK0197', '2026-05-29 15:47:00', '2026-05-29 16:18:00', '7890123456789041'),
('WK0198', '2026-05-30 13:29:00', '2026-05-30 15:09:00', '3456789012345699'),
('WK0199', '2026-05-31 14:37:00', '2026-05-31 16:25:00', '2345678901234578'),
('WK0200', '2026-06-01 11:29:00', '2026-06-01 12:23:00', '2345678901234578'),
('WK0201', '2026-05-29 18:49:00', '2026-05-29 19:59:00', '7890123456789012'),
('WK0202', '2026-05-30 11:15:00', '2026-05-30 12:04:00', '7890123456789012'),
('WK0203', '2026-05-31 17:57:00', '2026-05-31 18:58:00', '4567890123456815'),
('WK0204', '2026-06-01 06:39:00', '2026-06-01 07:45:00', '4567890123456815'),
('WK0205', '2026-05-29 08:55:00', '2026-05-29 10:50:00', '3456789012345687'),
('WK0206', '2026-05-30 19:43:00', '2026-05-30 19:59:00', '3456789012345687'),
('WK0207', '2026-05-31 18:06:00', '2026-05-31 18:45:00', '7890123456789035'),
('WK0208', '2026-06-01 09:51:00', '2026-06-01 11:21:00', '2345678901234567'),
('WK0209', '2026-05-29 14:28:00', '2026-05-29 16:23:00', '2345678901234567'),
('WK0210', '2026-05-30 14:44:00', '2026-05-30 15:47:00', '2345678901234567'),
('WK0211', '2026-05-31 14:55:00', '2026-05-31 15:44:00', '2345678901234567'),
('WK0212', '2026-06-01 11:19:00', '2026-06-01 13:02:00', '7890123456789016'),
('WK0213', '2026-05-29 15:51:00', '2026-05-29 17:35:00', '7890123456789016'),
('WK0214', '2026-05-30 12:13:00', '2026-05-30 13:38:00', '7890123456789044'),
('WK0215', '2026-05-31 18:17:00', '2026-05-31 19:21:00', '7890123456789044'),
('WK0216', '2026-06-01 11:07:00', '2026-06-01 12:15:00', '1234567890123478'),
('WK0217', '2026-05-29 08:32:00', '2026-05-29 09:08:00', '2345678901234572'),
('WK0218', '2026-05-30 15:38:00', '2026-05-30 16:50:00', '2345678901234572'),
('WK0219', '2026-05-31 15:06:00', '2026-05-31 17:01:00', '2345678901234572'),
('WK0220', '2026-06-01 10:52:00', '2026-06-01 12:27:00', '3456789012345680'),
('WK0221', '2026-05-29 09:08:00', '2026-05-29 09:45:00', '3456789012345680'),
('WK0222', '2026-05-30 11:08:00', '2026-05-30 11:42:00', '3456789012345680'),
('WK0223', '2026-05-31 14:44:00', '2026-05-31 16:43:00', '4567890123456810'),
('WK0224', '2026-06-01 09:18:00', '2026-06-01 10:23:00', '4567890123456810'),
('WK0225', '2026-05-29 11:55:00', '2026-05-29 13:25:00', '4567890123456810'),
('WK0226', '2026-05-30 09:22:00', '2026-05-30 11:08:00', '2345678901234589'),
('WK0227', '2026-05-31 15:36:00', '2026-05-31 16:50:00', '2345678901234589'),
('WK0228', '2026-06-01 09:30:00', '2026-06-01 10:13:00', '2345678901234589'),
('WK0229', '2026-05-29 14:03:00', '2026-05-29 14:55:00', '7890123456789013'),
('WK0230', '2026-05-30 19:12:00', '2026-05-30 19:59:00', '7890123456789013'),
('WK0231', '2026-05-31 08:30:00', '2026-05-31 09:27:00', '7890123456789013'),
('WK0232', '2026-06-01 05:44:00', '2026-06-01 06:38:00', '7890123456789013'),
('WK0233', '2026-05-29 09:42:00', '2026-05-29 10:41:00', '3456789012345699'),
('WK0234', '2026-05-30 08:48:00', '2026-05-30 10:02:00', '3456789012345699'),
('WK0235', '2026-05-31 18:13:00', '2026-05-31 19:09:00', '4567890123456806'),
('WK0236', '2026-06-01 09:18:00', '2026-06-01 10:39:00', '7890123456789050'),
('WK0237', '2026-05-29 10:16:00', '2026-05-29 11:33:00', '7890123456789050'),
('WK0238', '2026-05-30 18:36:00', '2026-05-30 19:14:00', '1234567890123479'),
('WK0239', '2026-05-31 14:28:00', '2026-05-31 15:00:00', '1234567890123479'),
('WK0240', '2026-06-01 08:06:00', '2026-06-01 09:33:00', '1234567890123479'),
('WK0241', '2026-05-29 18:20:00', '2026-05-29 19:23:00', '2345678901234580'),
('WK0242', '2026-05-30 14:57:00', '2026-05-30 16:39:00', '2345678901234580'),
('WK0243', '2026-05-31 08:08:00', '2026-05-31 08:44:00', '4567890123456805'),
('WK0244', '2026-06-01 12:50:00', '2026-06-01 13:55:00', '4567890123456805'),
('WK0245', '2026-05-29 18:27:00', '2026-05-29 19:54:00', '4567890123456805'),
('WK0246', '2026-05-30 09:56:00', '2026-05-30 11:55:00', '4567890123456805'),
('WK0247', '2026-05-31 15:42:00', '2026-05-31 17:10:00', '7890123456789039'),
('WK0248', '2026-06-01 12:58:00', '2026-06-01 14:14:00', '7890123456789039'),
('WK0249', '2026-05-29 19:07:00', '2026-05-29 19:59:00', '1234567890123460'),
('WK0250', '2026-05-30 15:47:00', '2026-05-30 17:39:00', '1234567890123460'),
('WK0251', '2026-05-31 10:54:00', '2026-05-31 12:20:00', '1234567890123460'),
('WK0252', '2026-06-01 14:09:00', NULL, '1234567890123460'),
('WK0253', '2026-05-29 12:38:00', '2026-05-29 13:34:00', '7890123456789037'),
('WK0254', '2026-05-30 13:21:00', '2026-05-30 14:23:00', '7890123456789037'),
('WK0255', '2026-05-31 14:33:00', '2026-05-31 15:44:00', '3456789012345699'),
('WK0256', '2026-06-01 11:28:00', '2026-06-01 12:45:00', '3456789012345699'),
('WK0257', '2026-05-29 11:05:00', '2026-05-29 12:35:00', '3456789012345696'),
('WK0258', '2026-05-30 19:40:00', '2026-05-30 19:47:00', '3456789012345696'),
('WK0259', '2026-05-31 16:21:00', '2026-05-31 17:21:00', '7890123456789028'),
('WK0260', '2026-06-01 13:23:00', '2026-06-01 14:12:00', '1234567890123462'),
('WK0261', '2026-05-29 12:13:00', '2026-05-29 13:57:00', '4567890123456798'),
('WK0262', '2026-05-30 08:15:00', '2026-05-30 09:08:00', '4567890123456798'),
('WK0263', '2026-05-31 19:03:00', '2026-05-31 19:59:00', '4567890123456798'),
('WK0264', '2026-06-01 09:20:00', '2026-06-01 10:36:00', '4567890123456798'),
('WK0265', '2026-05-29 15:18:00', '2026-05-29 16:21:00', '4567890123456814'),
('WK0266', '2026-05-30 16:57:00', '2026-05-30 18:47:00', '2345678901234576'),
('WK0267', '2026-05-31 17:26:00', '2026-05-31 19:02:00', '4567890123456793'),
('WK0268', '2026-06-01 11:08:00', '2026-06-01 13:07:00', '4567890123456793'),
('WK0269', '2026-05-29 14:46:00', '2026-05-29 16:20:00', '2345678901234574'),
('WK0270', '2026-05-30 10:27:00', '2026-05-30 11:39:00', '2345678901234574'),
('WK0271', '2026-05-31 19:03:00', '2026-05-31 19:34:00', '3456789012345700'),
('WK0272', '2026-06-01 11:27:00', '2026-06-01 11:47:00', '7890123456789043'),
('WK0273', '2026-05-29 18:29:00', '2026-05-29 19:09:00', '7890123456789043'),
('WK0274', '2026-05-30 16:09:00', '2026-05-30 17:06:00', '7890123456789043'),
('WK0275', '2026-05-31 17:53:00', '2026-05-31 19:50:00', '3456789012345698'),
('WK0276', '2026-06-01 10:52:00', '2026-06-01 12:31:00', '3456789012345701'),
('WK0277', '2026-05-29 15:18:00', '2026-05-29 17:10:00', '2345678901234569'),
('WK0278', '2026-05-30 11:55:00', '2026-05-30 12:36:00', '2345678901234569'),
('WK0279', '2026-05-31 18:29:00', '2026-05-31 19:23:00', '1234567890123457'),
('WK0280', '2026-06-01 06:20:00', '2026-06-01 07:20:00', '7890123456789017'),
('WK0281', '2026-05-29 13:09:00', '2026-05-29 14:42:00', '7890123456789017'),
('WK0282', '2026-05-30 08:55:00', '2026-05-30 10:02:00', '7890123456789017'),
('WK0283', '2026-05-31 11:26:00', '2026-05-31 13:05:00', '7890123456789017'),
('WK0284', '2026-06-01 10:00:00', '2026-06-01 11:30:00', '7890123456789012'),
('WK0285', '2026-05-29 19:16:00', '2026-05-29 19:59:00', '7890123456789012'),
('WK0286', '2026-05-30 15:27:00', '2026-05-30 16:43:00', '7890123456789012'),
('WK0287', '2026-05-31 13:27:00', '2026-05-31 14:08:00', '1234567890123457'),
('WK0288', '2026-06-01 11:10:00', '2026-06-01 12:04:00', '1234567890123457'),
('WK0289', '2026-05-29 12:44:00', '2026-05-29 13:48:00', '4567890123456800'),
('WK0290', '2026-05-30 08:55:00', '2026-05-30 10:50:00', '3456789012345684'),
('WK0291', '2026-05-31 19:38:00', '2026-05-31 19:59:00', '3456789012345692'),
('WK0292', '2026-06-01 08:16:00', '2026-06-01 09:10:00', '3456789012345692'),
('WK0293', '2026-05-29 19:43:00', '2026-05-29 19:59:00', '3456789012345692'),
('WK0294', '2026-05-30 14:44:00', '2026-05-30 15:45:00', '1234567890123460'),
('WK0295', '2026-05-31 16:52:00', '2026-05-31 17:24:00', '1234567890123460'),
('WK0296', '2026-06-01 06:11:00', '2026-06-01 07:09:00', '1234567890123460'),
('WK0297', '2026-05-29 18:04:00', '2026-05-29 18:49:00', '1234567890123460'),
('WK0298', '2026-05-30 11:35:00', '2026-05-30 12:45:00', '2345678901234576'),
('WK0299', '2026-05-31 09:40:00', '2026-05-31 10:57:00', '2345678901234576'),
('WK0300', '2026-06-01 05:46:00', '2026-06-01 06:54:00', '2345678901234576'),
('WK0301', '2026-05-29 16:02:00', '2026-05-29 17:55:00', '2345678901234578'),
('WK0302', '2026-05-30 18:15:00', '2026-05-30 19:59:00', '2345678901234578'),
('WK0303', '2026-05-31 19:02:00', '2026-05-31 19:59:00', '2345678901234578'),
('WK0304', '2026-06-01 12:17:00', '2026-06-01 12:51:00', '3456789012345679'),
('WK0305', '2026-05-29 18:26:00', '2026-05-29 19:59:00', '3456789012345679'),
('WK0306', '2026-05-30 19:40:00', '2026-05-30 20:00:00', '3456789012345679'),
('WK0307', '2026-05-31 08:39:00', '2026-05-31 09:38:00', '3456789012345684'),
('WK0308', '2026-06-01 09:56:00', '2026-06-01 10:28:00', '3456789012345684'),
('WK0309', '2026-05-29 09:15:00', '2026-05-29 10:29:00', '3456789012345684'),
('WK0310', '2026-05-30 17:28:00', '2026-05-30 18:49:00', '7890123456789033'),
('WK0311', '2026-05-31 17:21:00', '2026-05-31 18:27:00', '7890123456789033'),
('WK0312', '2026-06-01 08:12:00', '2026-06-01 08:42:00', '1234567890123474'),
('WK0313', '2026-05-29 09:29:00', '2026-05-29 10:23:00', '1234567890123474'),
('WK0314', '2026-05-30 16:18:00', '2026-05-30 18:06:00', '1234567890123474'),
('WK0315', '2026-05-31 12:06:00', '2026-05-31 13:39:00', '1234567890123474'),
('WK0316', '2026-06-01 11:44:00', '2026-06-01 13:36:00', '4567890123456811'),
('WK0317', '2026-05-29 12:22:00', '2026-05-29 13:56:00', '4567890123456810'),
('WK0318', '2026-05-30 08:19:00', '2026-05-30 09:24:00', '4567890123456789'),
('WK0319', '2026-05-31 17:01:00', '2026-05-31 18:00:00', '4567890123456789'),
('WK0320', '2026-06-01 06:21:00', '2026-06-01 07:11:00', '4567890123456789'),
('WK0321', '2026-05-29 15:36:00', '2026-05-29 17:01:00', '4567890123456789'),
('WK0322', '2026-05-30 10:34:00', '2026-05-30 11:35:00', '7890123456789038'),
('WK0323', '2026-05-31 08:03:00', '2026-05-31 08:55:00', '7890123456789038'),
('WK0324', '2026-06-01 08:58:00', '2026-06-01 09:57:00', '7890123456789038'),
('WK0325', '2026-05-29 19:09:00', '2026-05-29 19:52:00', '1234567890123470'),
('WK0326', '2026-05-30 12:13:00', '2026-05-30 14:10:00', '1234567890123470'),
('WK0327', '2026-05-31 11:51:00', '2026-05-31 13:16:00', '3456789012345701'),
('WK0328', '2026-06-01 06:43:00', '2026-06-01 07:13:00', '3456789012345701'),
('WK0329', '2026-05-29 16:14:00', '2026-05-29 17:19:00', '3456789012345701'),
('WK0330', '2026-05-30 10:36:00', '2026-05-30 12:24:00', '3456789012345701'),
('WK0331', '2026-05-31 12:17:00', '2026-05-31 13:52:00', '7890123456789016'),
('WK0332', '2026-06-01 09:44:00', '2026-06-01 10:27:00', '7890123456789016'),
('WK0333', '2026-05-29 16:59:00', '2026-05-29 17:51:00', '7890123456789016'),
('WK0334', '2026-05-30 09:31:00', '2026-05-30 11:19:00', '1234567890123477'),
('WK0335', '2026-05-31 15:42:00', '2026-05-31 17:39:00', '3456789012345691'),
('WK0336', '2026-06-01 09:56:00', '2026-06-01 11:53:00', '3456789012345691'),
('WK0337', '2026-05-29 17:05:00', '2026-05-29 18:13:00', '3456789012345691'),
('WK0338', '2026-05-30 15:40:00', '2026-05-30 17:12:00', '3456789012345691'),
('WK0339', '2026-05-31 11:21:00', '2026-05-31 12:17:00', '4567890123456816'),
('WK0340', '2026-06-01 13:23:00', '2026-06-01 14:10:00', '4567890123456816'),
('WK0341', '2026-05-29 09:58:00', '2026-05-29 11:28:00', '4567890123456816'),
('WK0342', '2026-05-30 08:55:00', '2026-05-30 10:23:00', '4567890123456816'),
('WK0343', '2026-05-31 19:05:00', '2026-05-31 19:59:00', '7890123456789047'),
('WK0344', '2026-06-01 12:44:00', '2026-06-01 14:14:00', '7890123456789047'),
('WK0345', '2026-05-29 08:28:00', '2026-05-29 10:25:00', '7890123456789047'),
('WK0346', '2026-05-30 18:13:00', '2026-05-30 19:30:00', '2345678901234574'),
('WK0347', '2026-05-31 11:21:00', '2026-05-31 13:05:00', '1234567890123457'),
('WK0348', '2026-06-01 08:15:00', '2026-06-01 08:57:00', '1234567890123457'),
('WK0349', '2026-05-29 11:28:00', '2026-05-29 12:27:00', '1234567890123457'),
('WK0350', '2026-05-30 19:21:00', '2026-05-30 19:59:00', '1234567890123457'),
('WK0351', '2026-05-31 15:45:00', '2026-05-31 17:35:00', '7890123456789050'),
('WK0352', '2026-06-01 11:13:00', '2026-06-01 11:51:00', '7890123456789050'),
('WK0353', '2026-05-29 11:44:00', '2026-05-29 13:43:00', '7890123456789050'),
('WK0354', '2026-05-30 15:24:00', '2026-05-30 17:17:00', '7890123456789029'),
('WK0355', '2026-05-31 17:19:00', '2026-05-31 18:04:00', '7890123456789029'),
('WK0356', '2026-06-01 09:38:00', '2026-06-01 10:14:00', '4567890123456790'),
('WK0357', '2026-05-29 13:45:00', '2026-05-29 14:17:00', '4567890123456790'),
('WK0358', '2026-05-30 11:46:00', '2026-05-30 13:03:00', '2345678901234570'),
('WK0359', '2026-05-31 13:57:00', '2026-05-31 14:42:00', '7890123456789021'),
('WK0360', '2026-06-01 11:21:00', '2026-06-01 13:07:00', '7890123456789021'),
('WK0361', '2026-05-29 17:12:00', '2026-05-29 18:04:00', '7890123456789021'),
('WK0362', '2026-05-30 19:27:00', '2026-05-30 19:59:00', '7890123456789021'),
('WK0363', '2026-05-31 09:36:00', '2026-05-31 10:50:00', '4567890123456796'),
('WK0364', '2026-06-01 13:54:00', NULL, '4567890123456796'),
('WK0365', '2026-05-29 11:42:00', '2026-05-29 12:18:00', '4567890123456796'),
('WK0366', '2026-05-30 14:33:00', '2026-05-30 16:25:00', '4567890123456796'),
('WK0367', '2026-05-31 14:03:00', '2026-05-31 15:35:00', '4567890123456803'),
('WK0368', '2026-06-01 13:48:00', NULL, '7890123456789031'),
('WK0369', '2026-05-29 12:49:00', '2026-05-29 13:52:00', '7890123456789031'),
('WK0370', '2026-05-30 11:21:00', '2026-05-30 12:18:00', '7890123456789031'),
('WK0371', '2026-05-31 13:25:00', '2026-05-31 13:59:00', '3456789012345700'),
('WK0372', '2026-06-01 13:14:00', '2026-06-01 14:17:00', '3456789012345700'),
('WK0373', '2026-05-29 15:45:00', '2026-05-29 17:30:00', '3456789012345700'),
('WK0374', '2026-05-30 09:47:00', '2026-05-30 11:17:00', '3456789012345700'),
('WK0375', '2026-05-31 11:21:00', '2026-05-31 12:51:00', '2345678901234588'),
('WK0376', '2026-06-01 08:15:00', '2026-06-01 09:53:00', '2345678901234588'),
('WK0377', '2026-05-29 19:21:00', '2026-05-29 19:59:00', '2345678901234588'),
('WK0378', '2026-05-30 17:42:00', '2026-05-30 19:12:00', '2345678901234574'),
('WK0379', '2026-05-31 17:37:00', '2026-05-31 19:30:00', '2345678901234574'),
('WK0380', '2026-06-01 08:34:00', '2026-06-01 09:57:00', '2345678901234590'),
('WK0381', '2026-05-29 15:53:00', '2026-05-29 16:43:00', '2345678901234590'),
('WK0382', '2026-05-30 08:28:00', '2026-05-30 09:06:00', '2345678901234590'),
('WK0383', '2026-05-31 10:48:00', '2026-05-31 11:19:00', '2345678901234590'),
('WK0384', '2026-06-01 09:33:00', '2026-06-01 10:59:00', '4567890123456804'),
('WK0385', '2026-05-29 09:15:00', '2026-05-29 10:14:00', '4567890123456804'),
('WK0386', '2026-05-30 08:01:00', '2026-05-30 09:38:00', '4567890123456804'),
('WK0387', '2026-05-31 12:51:00', '2026-05-31 13:43:00', '7890123456789043'),
('WK0388', '2026-06-01 06:13:00', '2026-06-01 07:34:00', '7890123456789043'),
('WK0389', '2026-05-29 19:14:00', '2026-05-29 19:59:00', '7890123456789043'),
('WK0390', '2026-05-30 19:43:00', '2026-05-30 19:59:00', '7890123456789043'),
('WK0391', '2026-05-31 11:17:00', '2026-05-31 13:00:00', '7890123456789035'),
('WK0392', '2026-06-01 13:27:00', '2026-06-01 14:13:00', '7890123456789035'),
('WK0393', '2026-05-29 08:30:00', '2026-05-29 09:15:00', '7890123456789013'),
('WK0394', '2026-05-30 19:05:00', '2026-05-30 19:59:00', '7890123456789013'),
('WK0395', '2026-05-31 10:57:00', '2026-05-31 12:15:00', '1234567890123459'),
('WK0396', '2026-06-01 07:55:00', '2026-06-01 09:02:00', '1234567890123480'),
('WK0397', '2026-05-29 16:36:00', '2026-05-29 17:24:00', '1234567890123480'),
('WK0398', '2026-05-30 13:57:00', '2026-05-30 15:00:00', '1234567890123480'),
('WK0399', '2026-05-31 12:22:00', '2026-05-31 13:48:00', '4567890123456800'),
('WK0400', '2026-06-01 09:54:00', '2026-06-01 11:32:00', '3456789012345699'),
('WK0401', '2026-05-29 10:07:00', '2026-05-29 10:43:00', '3456789012345699'),
('WK0402', '2026-05-30 16:54:00', '2026-05-30 18:04:00', '7890123456789054'),
('WK0403', '2026-05-31 12:15:00', '2026-05-31 13:56:00', '7890123456789054'),
('WK0404', '2026-06-01 14:06:00', NULL, '7890123456789054'),
('WK0405', '2026-05-29 16:34:00', '2026-05-29 18:06:00', '7890123456789054'),
('WK0406', '2026-05-30 14:55:00', '2026-05-30 16:25:00', '7890123456789028'),
('WK0407', '2026-05-31 12:38:00', '2026-05-31 13:52:00', '7890123456789028'),
('WK0408', '2026-06-01 07:47:00', '2026-06-01 08:22:00', '7890123456789028'),
('WK0409', '2026-05-29 12:24:00', '2026-05-29 13:34:00', '7890123456789051'),
('WK0410', '2026-05-30 12:38:00', '2026-05-30 14:21:00', '4567890123456818'),
('WK0411', '2026-05-31 18:11:00', '2026-05-31 19:50:00', '4567890123456818'),
('WK0412', '2026-06-01 11:28:00', '2026-06-01 12:35:00', '3456789012345682'),
('WK0413', '2026-05-29 19:09:00', '2026-05-29 19:59:00', '3456789012345682'),
('WK0414', '2026-05-30 18:08:00', '2026-05-30 19:52:00', '3456789012345682'),
('WK0415', '2026-05-31 16:30:00', '2026-05-31 18:06:00', '7890123456789043'),
('WK0416', '2026-06-01 10:48:00', '2026-06-01 11:57:00', '7890123456789043'),
('WK0417', '2026-05-29 09:49:00', '2026-05-29 11:05:00', '7890123456789043'),
('WK0418', '2026-05-30 11:46:00', '2026-05-30 12:27:00', '7890123456789043'),
('WK0419', '2026-05-31 10:03:00', '2026-05-31 11:39:00', '7890123456789051'),
('WK0420', '2026-06-01 09:36:00', '2026-06-01 11:24:00', '7890123456789035'),
('WK0421', '2026-05-29 17:41:00', '2026-05-29 19:18:00', '7890123456789035'),
('WK0422', '2026-05-30 12:58:00', '2026-05-30 14:08:00', '3456789012345679'),
('WK0423', '2026-05-31 18:51:00', '2026-05-31 19:56:00', '7890123456789029'),
('WK0424', '2026-06-01 08:44:00', '2026-06-01 10:32:00', '7890123456789029'),
('WK0425', '2026-05-29 10:16:00', '2026-05-29 11:21:00', '7890123456789044'),
('WK0426', '2026-05-30 14:17:00', '2026-05-30 14:59:00', '7890123456789044'),
('WK0427', '2026-05-31 11:06:00', '2026-05-31 12:17:00', '7890123456789044'),
('WK0428', '2026-06-01 11:28:00', '2026-06-01 12:40:00', '7890123456789044'),
('WK0429', '2026-05-29 16:56:00', '2026-05-29 17:53:00', '1234567890123472'),
('WK0430', '2026-05-30 16:47:00', '2026-05-30 18:29:00', '1234567890123472'),
('WK0431', '2026-05-31 17:33:00', '2026-05-31 19:12:00', '1234567890123472'),
('WK0432', '2026-06-01 10:32:00', '2026-06-01 11:40:00', '7890123456789048'),
('WK0433', '2026-05-29 18:53:00', '2026-05-29 19:59:00', '4567890123456794'),
('WK0434', '2026-05-30 18:36:00', '2026-05-30 19:11:00', '4567890123456794'),
('WK0435', '2026-05-31 15:04:00', '2026-05-31 17:01:00', '4567890123456801'),
('WK0436', '2026-06-01 09:49:00', '2026-06-01 10:27:00', '7890123456789018'),
('WK0437', '2026-05-29 09:13:00', '2026-05-29 11:06:00', '3456789012345702'),
('WK0438', '2026-05-30 15:29:00', '2026-05-30 17:21:00', '3456789012345702'),
('WK0439', '2026-05-31 13:18:00', '2026-05-31 14:28:00', '3456789012345702'),
('WK0440', '2026-06-01 05:57:00', '2026-06-01 07:09:00', '3456789012345702'),
('WK0441', '2026-05-29 09:53:00', '2026-05-29 11:39:00', '4567890123456817'),
('WK0442', '2026-05-30 16:03:00', '2026-05-30 16:36:00', '4567890123456817'),
('WK0443', '2026-05-31 15:40:00', '2026-05-31 17:14:00', '1234567890123478'),
('WK0444', '2026-06-01 13:54:00', NULL, '1234567890123478'),
('WK0445', '2026-05-29 11:06:00', '2026-05-29 12:53:00', '1234567890123478'),
('WK0446', '2026-05-30 12:45:00', '2026-05-30 13:45:00', '1234567890123478'),
('WK0447', '2026-05-31 09:54:00', '2026-05-31 11:35:00', '2345678901234568'),
('WK0448', '2026-06-01 05:32:00', '2026-06-01 06:08:00', '2345678901234568'),
('WK0449', '2026-05-29 09:54:00', '2026-05-29 11:23:00', '2345678901234568'),
('WK0450', '2026-05-30 19:41:00', '2026-05-30 19:59:00', '2345678901234568'),
('WK0451', '2026-05-31 13:05:00', '2026-05-31 13:50:00', '4567890123456818'),
('WK0452', '2026-06-01 10:23:00', '2026-06-01 11:28:00', '4567890123456818'),
('WK0453', '2026-05-29 15:26:00', '2026-05-29 17:19:00', '4567890123456818'),
('WK0454', '2026-05-30 12:20:00', '2026-05-30 13:21:00', '7890123456789034'),
('WK0455', '2026-05-31 19:16:00', '2026-05-31 19:52:00', '1234567890123464'),
('WK0456', '2026-06-01 11:50:00', '2026-06-01 13:36:00', '1234567890123464'),
('WK0457', '2026-05-29 14:33:00', '2026-05-29 15:58:00', '1234567890123464'),
('WK0458', '2026-05-30 08:55:00', '2026-05-30 09:31:00', '3456789012345678'),
('WK0459', '2026-05-31 12:22:00', '2026-05-31 12:54:00', '3456789012345678'),
('WK0460', '2026-06-01 10:23:00', '2026-06-01 10:59:00', '3456789012345678'),
('WK0461', '2026-05-29 14:10:00', '2026-05-29 14:55:00', '3456789012345693'),
('WK0462', '2026-05-30 15:13:00', '2026-05-30 16:36:00', '3456789012345693'),
('WK0463', '2026-05-31 19:38:00', '2026-05-31 19:59:00', '3456789012345693'),
('WK0464', '2026-06-01 08:28:00', '2026-06-01 09:13:00', '1234567890123464'),
('WK0465', '2026-05-29 15:47:00', '2026-05-29 17:46:00', '1234567890123463'),
('WK0466', '2026-05-30 12:15:00', '2026-05-30 14:14:00', '4567890123456818'),
('WK0467', '2026-05-31 15:20:00', '2026-05-31 16:41:00', '3456789012345687'),
('WK0468', '2026-06-01 09:35:00', '2026-06-01 10:25:00', '3456789012345687'),
('WK0469', '2026-05-29 10:54:00', '2026-05-29 12:36:00', '3456789012345687'),
('WK0470', '2026-05-30 16:23:00', '2026-05-30 17:57:00', '4567890123456805'),
('WK0471', '2026-05-31 13:43:00', '2026-05-31 14:42:00', '1234567890123460'),
('WK0472', '2026-06-01 09:34:00', '2026-06-01 10:21:00', '1234567890123460'),
('WK0473', '2026-05-29 12:47:00', '2026-05-29 13:21:00', '1234567890123460'),
('WK0474', '2026-05-30 16:32:00', '2026-05-30 17:48:00', '1234567890123467'),
('WK0475', '2026-05-31 09:11:00', '2026-05-31 11:08:00', '1234567890123467'),
('WK0476', '2026-06-01 06:07:00', '2026-06-01 07:43:00', '7890123456789021'),
('WK0477', '2026-05-29 12:29:00', '2026-05-29 13:59:00', '7890123456789021'),
('WK0478', '2026-05-30 16:09:00', '2026-05-30 16:52:00', '4567890123456800'),
('WK0479', '2026-05-31 12:47:00', '2026-05-31 13:50:00', '1234567890123459'),
('WK0480', '2026-06-01 13:37:00', NULL, '1234567890123459'),
('WK0481', '2026-05-29 18:56:00', '2026-05-29 19:59:00', '1234567890123459'),
('WK0482', '2026-05-30 15:54:00', '2026-05-30 16:36:00', '1234567890123459'),
('WK0483', '2026-05-31 09:11:00', '2026-05-31 10:39:00', '1234567890123474'),
('WK0484', '2026-06-01 12:11:00', '2026-06-01 12:47:00', '1234567890123474'),
('WK0485', '2026-05-29 16:25:00', '2026-05-29 17:39:00', '1234567890123474'),
('WK0486', '2026-05-30 09:40:00', '2026-05-30 11:06:00', '1234567890123474'),
('WK0487', '2026-05-31 10:39:00', '2026-05-31 11:28:00', '2345678901234587'),
('WK0488', '2026-06-01 12:15:00', '2026-06-01 12:51:00', '2345678901234587'),
('WK0489', '2026-05-29 17:21:00', '2026-05-29 18:38:00', '2345678901234587'),
('WK0490', '2026-05-30 10:21:00', '2026-05-30 11:19:00', '4567890123456814'),
('WK0491', '2026-05-31 16:00:00', '2026-05-31 16:39:00', '7890123456789052'),
('WK0492', '2026-06-01 10:22:00', '2026-06-01 11:05:00', '4567890123456811'),
('WK0493', '2026-05-29 16:47:00', '2026-05-29 17:32:00', '4567890123456811'),
('WK0494', '2026-05-30 10:21:00', '2026-05-30 11:12:00', '1234567890123457'),
('WK0495', '2026-05-31 15:56:00', '2026-05-31 17:51:00', '1234567890123457'),
('WK0496', '2026-06-01 08:08:00', '2026-06-01 09:06:00', '1234567890123457'),
('WK0497', '2026-05-29 13:48:00', '2026-05-29 14:41:00', '1234567890123457'),
('WK0498', '2026-05-30 18:33:00', '2026-05-30 19:59:00', '7890123456789013'),
('WK0499', '2026-05-31 13:03:00', '2026-05-31 13:34:00', '3456789012345702'),
('WK0500', '2026-06-01 09:29:00', '2026-06-01 10:36:00', '3456789012345703'),
('WK0501', '2026-05-29 13:11:00', '2026-05-29 13:52:00', '3456789012345703'),
('WK0502', '2026-05-30 09:31:00', '2026-05-30 10:47:00', '3456789012345703'),
('WK0503', '2026-05-31 17:48:00', '2026-05-31 18:56:00', '2345678901234575'),
('WK0504', '2026-06-01 13:05:00', '2026-06-01 14:19:00', '2345678901234575'),
('WK0505', '2026-05-29 15:00:00', '2026-05-29 16:29:00', '2345678901234575'),
('WK0506', '2026-05-30 08:55:00', '2026-05-30 10:32:00', '2345678901234575'),
('WK0507', '2026-05-31 10:27:00', '2026-05-31 12:13:00', '1234567890123471'),
('WK0508', '2026-06-01 10:16:00', '2026-06-01 12:06:00', '1234567890123471'),
('WK0509', '2026-05-29 15:49:00', '2026-05-29 16:21:00', '1234567890123471'),
('WK0510', '2026-05-30 17:37:00', '2026-05-30 18:17:00', '1234567890123471'),
('WK0511', '2026-05-31 11:53:00', '2026-05-31 13:20:00', '7890123456789054'),
('WK0512', '2026-06-01 11:37:00', '2026-06-01 12:58:00', '7890123456789054'),
('WK0513', '2026-05-29 19:16:00', '2026-05-29 19:59:00', '7890123456789054'),
('WK0514', '2026-05-30 17:46:00', '2026-05-30 19:05:00', '7890123456789054'),
('WK0515', '2026-05-31 16:32:00', '2026-05-31 18:04:00', '7890123456789014'),
('WK0516', '2026-06-01 13:31:00', NULL, '7890123456789014'),
('WK0517', '2026-05-29 16:39:00', '2026-05-29 17:55:00', '4567890123456800'),
('WK0518', '2026-05-30 13:43:00', '2026-05-30 14:24:00', '4567890123456800'),
('WK0519', '2026-05-31 09:09:00', '2026-05-31 10:21:00', '4567890123456800'),
('WK0520', '2026-06-01 13:37:00', NULL, '7890123456789024'),
('WK0521', '2026-05-29 19:45:00', '2026-05-29 19:59:00', '2345678901234582'),
('WK0522', '2026-05-30 18:18:00', '2026-05-30 19:18:00', '2345678901234582'),
('WK0523', '2026-05-31 15:45:00', '2026-05-31 16:48:00', '7890123456789038'),
('WK0524', '2026-06-01 13:48:00', NULL, '4567890123456810'),
('WK0525', '2026-05-29 14:28:00', '2026-05-29 16:00:00', '7890123456789035'),
('WK0526', '2026-05-30 09:09:00', '2026-05-30 10:07:00', '7890123456789035'),
('WK0527', '2026-05-31 17:19:00', '2026-05-31 19:00:00', '7890123456789024'),
('WK0528', '2026-06-01 11:44:00', '2026-06-01 12:38:00', '3456789012345699'),
('WK0529', '2026-05-29 08:17:00', '2026-05-29 10:07:00', '3456789012345699'),
('WK0530', '2026-05-30 16:41:00', '2026-05-30 18:40:00', '3456789012345699'),
('WK0531', '2026-05-31 15:13:00', '2026-05-31 16:52:00', '3456789012345699'),
('WK0532', '2026-06-01 13:14:00', '2026-06-01 13:43:00', '2345678901234586'),
('WK0533', '2026-05-29 12:27:00', '2026-05-29 14:28:00', '2345678901234586'),
('WK0534', '2026-05-30 19:45:00', '2026-05-30 19:59:00', '7890123456789019'),
('WK0535', '2026-05-31 16:43:00', '2026-05-31 17:32:00', '7890123456789019'),
('WK0536', '2026-06-01 12:29:00', '2026-06-01 14:08:00', '7890123456789033'),
('WK0537', '2026-05-29 12:24:00', '2026-05-29 14:08:00', '7890123456789033'),
('WK0538', '2026-05-30 14:37:00', '2026-05-30 15:13:00', '7890123456789033'),
('WK0539', '2026-05-31 14:30:00', '2026-05-31 16:14:00', '7890123456789033'),
('WK0540', '2026-06-01 10:18:00', '2026-06-01 11:10:00', '7890123456789049'),
('WK0541', '2026-05-29 10:32:00', '2026-05-29 11:51:00', '7890123456789036'),
('WK0542', '2026-05-30 08:03:00', '2026-05-30 09:06:00', '7890123456789036'),
('WK0543', '2026-05-31 08:15:00', '2026-05-31 09:38:00', '7890123456789036'),
('WK0544', '2026-06-01 09:31:00', '2026-06-01 10:51:00', '7890123456789036'),
('WK0545', '2026-05-29 13:02:00', '2026-05-29 14:10:00', '3456789012345698'),
('WK0546', '2026-05-30 18:45:00', '2026-05-30 19:34:00', '3456789012345698'),
('WK0547', '2026-05-31 15:29:00', '2026-05-31 16:02:00', '4567890123456797'),
('WK0548', '2026-06-01 08:57:00', '2026-06-01 09:49:00', '4567890123456797'),
('WK0549', '2026-05-29 19:50:00', '2026-05-29 19:59:00', '1234567890123480'),
('WK0550', '2026-05-30 13:18:00', '2026-05-30 13:54:00', '1234567890123480'),
('WK0551', '2026-05-31 18:38:00', '2026-05-31 19:59:00', '7890123456789034'),
('WK0552', '2026-06-01 07:22:00', '2026-06-01 08:24:00', '1234567890123471'),
('WK0553', '2026-05-29 14:23:00', '2026-05-29 15:09:00', '1234567890123471'),
('WK0554', '2026-05-30 10:32:00', '2026-05-30 11:26:00', '1234567890123471'),
('WK0555', '2026-05-31 15:54:00', '2026-05-31 16:36:00', '1234567890123471'),
('WK0556', '2026-06-01 08:57:00', '2026-06-01 10:20:00', '4567890123456812'),
('WK0557', '2026-05-29 15:54:00', '2026-05-29 16:52:00', '1234567890123478'),
('WK0558', '2026-05-30 15:20:00', '2026-05-30 15:54:00', '2345678901234584'),
('WK0559', '2026-05-31 14:39:00', '2026-05-31 15:49:00', '2345678901234584'),
('WK0560', '2026-06-01 11:48:00', '2026-06-01 13:30:00', '2345678901234584'),
('WK0561', '2026-05-29 09:26:00', '2026-05-29 10:18:00', '2345678901234584'),
('WK0562', '2026-05-30 16:14:00', '2026-05-30 17:42:00', '7890123456789014'),
('WK0563', '2026-05-31 15:49:00', '2026-05-31 16:57:00', '7890123456789014'),
('WK0564', '2026-06-01 09:22:00', '2026-06-01 10:52:00', '7890123456789014'),
('WK0565', '2026-05-29 19:14:00', '2026-05-29 19:59:00', '7890123456789014'),
('WK0566', '2026-05-30 08:42:00', '2026-05-30 09:18:00', '1234567890123479'),
('WK0567', '2026-05-31 16:43:00', '2026-05-31 17:28:00', '1234567890123479'),
('WK0568', '2026-06-01 09:12:00', '2026-06-01 09:59:00', '1234567890123479'),
('WK0569', '2026-05-29 15:42:00', '2026-05-29 16:20:00', '1234567890123473'),
('WK0570', '2026-05-30 18:09:00', '2026-05-30 19:59:00', '1234567890123473'),
('WK0571', '2026-05-31 13:32:00', '2026-05-31 14:57:00', '4567890123456807'),
('WK0572', '2026-06-01 10:30:00', '2026-06-01 12:09:00', '4567890123456807'),
('WK0573', '2026-05-29 18:31:00', '2026-05-29 19:45:00', '4567890123456807'),
('WK0574', '2026-05-30 14:53:00', '2026-05-30 16:50:00', '7890123456789036'),
('WK0575', '2026-05-31 09:27:00', '2026-05-31 11:19:00', '7890123456789036'),
('WK0576', '2026-06-01 08:05:00', '2026-06-01 09:15:00', '7890123456789012'),
('WK0577', '2026-05-29 10:45:00', '2026-05-29 11:35:00', '7890123456789012'),
('WK0578', '2026-05-30 08:08:00', '2026-05-30 09:38:00', '7890123456789012'),
('WK0579', '2026-05-31 09:31:00', '2026-05-31 10:36:00', '1234567890123468'),
('WK0580', '2026-06-01 13:36:00', NULL, '1234567890123468'),
('WK0581', '2026-05-29 13:05:00', '2026-05-29 14:42:00', '1234567890123468'),
('WK0582', '2026-05-30 09:13:00', '2026-05-30 10:41:00', '1234567890123468'),
('WK0583', '2026-05-31 14:53:00', '2026-05-31 16:43:00', '3456789012345700'),
('WK0584', '2026-06-01 09:29:00', '2026-06-01 10:00:00', '3456789012345700'),
('WK0585', '2026-05-29 10:21:00', '2026-05-29 12:13:00', '3456789012345700'),
('WK0586', '2026-05-30 11:05:00', '2026-05-30 12:24:00', '7890123456789031'),
('WK0587', '2026-05-31 14:57:00', '2026-05-31 16:38:00', '7890123456789031'),
('WK0588', '2026-06-01 12:00:00', '2026-06-01 12:36:00', '7890123456789031'),
('WK0589', '2026-05-29 09:27:00', '2026-05-29 10:07:00', '7890123456789031'),
('WK0590', '2026-05-30 18:44:00', '2026-05-30 19:34:00', '4567890123456810'),
('WK0591', '2026-05-31 16:30:00', '2026-05-31 17:08:00', '4567890123456810'),
('WK0592', '2026-06-01 09:45:00', '2026-06-01 11:21:00', '4567890123456810'),
('WK0593', '2026-05-29 18:38:00', '2026-05-29 19:59:00', '4567890123456810'),
('WK0594', '2026-05-30 10:20:00', '2026-05-30 12:15:00', '7890123456789022'),
('WK0595', '2026-05-31 15:24:00', '2026-05-31 16:11:00', '7890123456789013'),
('WK0596', '2026-06-01 08:12:00', '2026-06-01 10:03:00', '7890123456789013'),
('WK0597', '2026-05-29 13:43:00', '2026-05-29 15:20:00', '3456789012345689'),
('WK0598', '2026-05-30 15:00:00', '2026-05-30 15:49:00', '7890123456789029'),
('WK0599', '2026-05-31 16:36:00', '2026-05-31 17:33:00', '7890123456789029'),
('WK0600', '2026-06-01 10:45:00', '2026-06-01 11:37:00', '7890123456789029'),
('WK0601', '2026-05-29 12:54:00', '2026-05-29 13:52:00', '7890123456789049'),
('WK0602', '2026-05-30 13:27:00', '2026-05-30 15:18:00', '7890123456789049'),
('WK0603', '2026-05-31 15:42:00', '2026-05-31 16:34:00', '7890123456789049'),
('WK0604', '2026-06-01 12:18:00', '2026-06-01 12:59:00', '2345678901234571'),
('WK0605', '2026-05-29 13:18:00', '2026-05-29 14:10:00', '4567890123456792'),
('WK0606', '2026-05-30 08:10:00', '2026-05-30 09:13:00', '4567890123456792'),
('WK0607', '2026-05-31 11:51:00', '2026-05-31 13:18:00', '4567890123456792'),
('WK0608', '2026-06-01 12:08:00', '2026-06-01 13:43:00', '4567890123456789'),
('WK0609', '2026-05-29 15:15:00', '2026-05-29 16:32:00', '4567890123456789'),
('WK0610', '2026-05-30 09:09:00', '2026-05-30 09:42:00', '2345678901234571'),
('WK0611', '2026-05-31 17:35:00', '2026-05-31 19:03:00', '2345678901234571'),
('WK0612', '2026-06-01 11:48:00', '2026-06-01 12:24:00', '7890123456789045'),
('WK0613', '2026-05-29 11:23:00', '2026-05-29 13:16:00', '7890123456789045'),
('WK0614', '2026-05-30 11:37:00', '2026-05-30 13:00:00', '7890123456789045'),
('WK0615', '2026-05-31 17:03:00', '2026-05-31 18:45:00', '7890123456789045'),
('WK0616', '2026-06-01 11:32:00', '2026-06-01 13:12:00', '1234567890123476'),
('WK0617', '2026-05-29 12:15:00', '2026-05-29 13:07:00', '1234567890123476'),
('WK0618', '2026-05-30 15:49:00', '2026-05-30 17:08:00', '4567890123456801'),
('WK0619', '2026-05-31 13:23:00', '2026-05-31 14:39:00', '4567890123456801'),
('WK0620', '2026-06-01 11:12:00', '2026-06-01 12:42:00', '4567890123456801'),
('WK0621', '2026-05-29 11:01:00', '2026-05-29 12:24:00', '4567890123456801'),
('WK0622', '2026-05-30 16:45:00', '2026-05-30 17:33:00', '1234567890123464'),
('WK0623', '2026-05-31 15:45:00', '2026-05-31 17:37:00', '1234567890123464'),
('WK0624', '2026-06-01 11:48:00', '2026-06-01 13:11:00', '1234567890123464'),
('WK0625', '2026-05-29 08:57:00', '2026-05-29 10:52:00', '1234567890123464'),
('WK0626', '2026-05-30 08:15:00', '2026-05-30 10:12:00', '7890123456789012'),
('WK0627', '2026-05-31 11:35:00', '2026-05-31 12:26:00', '7890123456789012'),
('WK0628', '2026-06-01 11:10:00', '2026-06-01 12:04:00', '1234567890123470'),
('WK0629', '2026-05-29 18:18:00', '2026-05-29 19:09:00', '2345678901234573'),
('WK0630', '2026-05-30 17:10:00', '2026-05-30 18:42:00', '2345678901234573'),
('WK0631', '2026-05-31 13:45:00', '2026-05-31 15:38:00', '2345678901234573'),
('WK0632', '2026-06-01 11:26:00', '2026-06-01 12:15:00', '2345678901234573'),
('WK0633', '2026-05-29 18:26:00', '2026-05-29 19:52:00', '1234567890123470'),
('WK0634', '2026-05-30 08:48:00', '2026-05-30 10:14:00', '1234567890123470'),
('WK0635', '2026-05-31 16:18:00', '2026-05-31 18:02:00', '1234567890123465'),
('WK0636', '2026-06-01 08:21:00', '2026-06-01 09:45:00', '1234567890123465'),
('WK0637', '2026-05-29 13:29:00', '2026-05-29 15:08:00', '1234567890123465'),
('WK0638', '2026-05-30 08:24:00', '2026-05-30 09:11:00', '1234567890123465'),
('WK0639', '2026-05-31 11:12:00', '2026-05-31 12:40:00', '1234567890123479'),
('WK0640', '2026-06-01 08:44:00', '2026-06-01 08:58:00', '1234567890123476'),
('WK0641', '2026-05-29 09:56:00', '2026-05-29 11:39:00', '1234567890123476'),
('WK0642', '2026-05-30 16:45:00', '2026-05-30 18:29:00', '7890123456789055'),
('WK0643', '2026-05-31 19:32:00', '2026-05-31 19:59:00', '7890123456789055'),
('WK0644', '2026-06-01 07:59:00', '2026-06-01 08:41:00', '7890123456789055'),
('WK0645', '2026-05-29 14:10:00', '2026-05-29 15:06:00', '7890123456789055'),
('WK0646', '2026-05-30 08:50:00', '2026-05-30 09:22:00', '1234567890123473'),
('WK0647', '2026-05-31 08:30:00', '2026-05-31 09:06:00', '1234567890123469'),
('WK0648', '2026-06-01 08:24:00', '2026-06-01 10:02:00', '1234567890123469'),
('WK0649', '2026-05-29 16:34:00', '2026-05-29 17:30:00', '1234567890123457'),
('WK0650', '2026-05-30 11:30:00', '2026-05-30 13:03:00', '1234567890123457'),
('WK0651', '2026-05-31 13:05:00', '2026-05-31 14:44:00', '1234567890123457'),
('WK0652', '2026-06-01 07:21:00', '2026-06-01 08:27:00', '4567890123456809'),
('WK0653', '2026-05-29 08:55:00', '2026-05-29 09:27:00', '4567890123456809'),
('WK0654', '2026-05-30 11:01:00', '2026-05-30 11:57:00', '1234567890123472'),
('WK0655', '2026-05-31 09:00:00', '2026-05-31 10:54:00', '1234567890123472'),
('WK0656', '2026-06-01 13:41:00', NULL, '1234567890123472'),
('WK0657', '2026-05-29 12:02:00', '2026-05-29 13:07:00', '3456789012345698'),
('WK0658', '2026-05-30 10:21:00', '2026-05-30 11:37:00', '3456789012345698'),
('WK0659', '2026-05-31 15:36:00', '2026-05-31 17:33:00', '3456789012345698'),
('WK0660', '2026-06-01 06:33:00', '2026-06-01 07:38:00', '3456789012345698'),
('WK0661', '2026-05-29 19:09:00', '2026-05-29 19:59:00', '7890123456789038'),
('WK0662', '2026-05-30 17:28:00', '2026-05-30 19:21:00', '7890123456789038'),
('WK0663', '2026-05-31 10:11:00', '2026-05-31 11:05:00', '7890123456789038'),
('WK0664', '2026-06-01 12:02:00', '2026-06-01 13:30:00', '7890123456789038'),
('WK0665', '2026-05-29 08:05:00', '2026-05-29 08:59:00', '7890123456789032'),
('WK0666', '2026-05-30 14:26:00', '2026-05-30 15:13:00', '7890123456789032'),
('WK0667', '2026-05-31 10:27:00', '2026-05-31 11:48:00', '7890123456789032'),
('WK0668', '2026-06-01 05:48:00', '2026-06-01 07:24:00', '3456789012345678'),
('WK0669', '2026-05-29 08:26:00', '2026-05-29 10:05:00', '3456789012345678'),
('WK0670', '2026-05-30 09:51:00', '2026-05-30 11:33:00', '1234567890123472'),
('WK0671', '2026-05-31 18:49:00', '2026-05-31 19:59:00', '7890123456789040'),
('WK0672', '2026-06-01 06:52:00', '2026-06-01 07:39:00', '7890123456789040'),
('WK0673', '2026-05-29 13:54:00', '2026-05-29 14:28:00', '7890123456789040'),
('WK0674', '2026-05-30 14:21:00', '2026-05-30 16:21:00', '7890123456789040'),
('WK0675', '2026-05-31 19:32:00', '2026-05-31 19:59:00', '7890123456789024'),
('WK0676', '2026-06-01 10:16:00', '2026-06-01 10:47:00', '7890123456789024'),
('WK0677', '2026-05-29 18:24:00', '2026-05-29 18:56:00', '7890123456789024'),
('WK0678', '2026-05-30 10:12:00', '2026-05-30 10:43:00', '3456789012345686'),
('WK0679', '2026-05-31 08:37:00', '2026-05-31 10:32:00', '3456789012345686'),
('WK0680', '2026-06-01 13:50:00', NULL, '1234567890123479'),
('WK0681', '2026-05-29 11:48:00', '2026-05-29 13:32:00', '7890123456789030'),
('WK0682', '2026-05-30 12:09:00', '2026-05-30 12:38:00', '7890123456789030'),
('WK0683', '2026-05-31 19:05:00', '2026-05-31 19:59:00', '7890123456789030'),
('WK0684', '2026-06-01 12:22:00', '2026-06-01 14:03:00', '7890123456789030'),
('WK0685', '2026-05-29 11:15:00', '2026-05-29 11:57:00', '2345678901234567'),
('WK0686', '2026-05-30 14:05:00', '2026-05-30 15:17:00', '2345678901234567'),
('WK0687', '2026-05-31 12:20:00', '2026-05-31 13:45:00', '2345678901234567'),
('WK0688', '2026-06-01 07:43:00', '2026-06-01 08:10:00', '2345678901234567'),
('WK0689', '2026-05-29 11:08:00', '2026-05-29 12:49:00', '7890123456789016'),
('WK0690', '2026-05-30 12:47:00', '2026-05-30 14:10:00', '7890123456789016'),
('WK0691', '2026-05-31 17:06:00', '2026-05-31 18:24:00', '7890123456789016'),
('WK0692', '2026-06-01 12:12:00', '2026-06-01 13:51:00', '7890123456789025'),
('WK0693', '2026-05-29 09:53:00', '2026-05-29 11:51:00', '7890123456789025'),
('WK0694', '2026-05-30 09:00:00', '2026-05-30 10:14:00', '7890123456789025'),
('WK0695', '2026-05-31 09:27:00', '2026-05-31 10:16:00', '7890123456789025'),
('WK0696', '2026-06-01 06:05:00', '2026-06-01 07:21:00', '7890123456789021'),
('WK0697', '2026-05-29 10:00:00', '2026-05-29 11:12:00', '7890123456789021'),
('WK0698', '2026-05-30 15:27:00', '2026-05-30 16:27:00', '7890123456789021'),
('WK0699', '2026-05-31 12:09:00', '2026-05-31 12:42:00', '4567890123456797'),
('WK0700', '2026-06-01 10:16:00', '2026-06-01 11:21:00', '4567890123456797'),
('WK0701', '2026-05-29 12:11:00', '2026-05-29 13:20:00', '4567890123456797'),
('WK0702', '2026-05-30 14:24:00', '2026-05-30 15:42:00', '4567890123456797'),
('WK0703', '2026-05-31 11:39:00', '2026-05-31 12:38:00', '1234567890123463'),
('WK0704', '2026-06-01 11:24:00', '2026-06-01 12:42:00', '1234567890123463'),
('WK0705', '2026-05-29 17:23:00', '2026-05-29 18:42:00', '7890123456789055'),
('WK0706', '2026-05-30 18:38:00', '2026-05-30 19:45:00', '7890123456789055'),
('WK0707', '2026-05-31 09:17:00', '2026-05-31 11:08:00', '7890123456789052'),
('WK0708', '2026-06-01 11:12:00', '2026-06-01 12:24:00', '1234567890123476'),
('WK0709', '2026-05-29 08:37:00', '2026-05-29 10:14:00', '1234567890123476'),
('WK0710', '2026-05-30 18:31:00', '2026-05-30 19:29:00', '1234567890123476'),
('WK0711', '2026-05-31 17:33:00', '2026-05-31 18:06:00', '1234567890123476'),
('WK0712', '2026-06-01 12:09:00', '2026-06-01 12:49:00', '4567890123456817'),
('WK0713', '2026-05-29 14:28:00', '2026-05-29 16:25:00', '4567890123456817'),
('WK0714', '2026-05-30 18:40:00', '2026-05-30 19:18:00', '7890123456789048'),
('WK0715', '2026-05-31 08:35:00', '2026-05-31 09:24:00', '2345678901234580'),
('WK0716', '2026-06-01 12:02:00', '2026-06-01 13:39:00', '2345678901234580'),
('WK0717', '2026-05-29 09:13:00', '2026-05-29 10:11:00', '7890123456789042'),
('WK0718', '2026-05-30 12:20:00', '2026-05-30 13:09:00', '7890123456789042'),
('WK0719', '2026-05-31 12:18:00', '2026-05-31 13:07:00', '4567890123456799'),
('WK0720', '2026-06-01 11:34:00', '2026-06-01 12:26:00', '3456789012345681'),
('WK0721', '2026-05-29 16:09:00', '2026-05-29 16:59:00', '3456789012345681'),
('WK0722', '2026-05-30 11:24:00', '2026-05-30 13:12:00', '3456789012345681'),
('WK0723', '2026-05-31 11:51:00', '2026-05-31 12:35:00', '3456789012345681'),
('WK0724', '2026-06-01 09:24:00', '2026-06-01 10:32:00', '4567890123456801'),
('WK0725', '2026-05-29 10:56:00', '2026-05-29 12:36:00', '2345678901234577'),
('WK0726', '2026-05-30 09:47:00', '2026-05-30 10:39:00', '4567890123456815'),
('WK0727', '2026-05-31 14:53:00', '2026-05-31 16:27:00', '4567890123456815'),
('WK0728', '2026-06-01 13:09:00', '2026-06-01 14:16:00', '7890123456789036'),
('WK0729', '2026-05-29 13:54:00', '2026-05-29 14:28:00', '7890123456789036'),
('WK0730', '2026-05-30 13:14:00', '2026-05-30 13:52:00', '7890123456789036'),
('WK0731', '2026-05-31 13:54:00', '2026-05-31 15:04:00', '4567890123456804'),
('WK0732', '2026-06-01 09:33:00', '2026-06-01 10:34:00', '4567890123456804'),
('WK0733', '2026-05-29 13:07:00', '2026-05-29 13:45:00', '7890123456789021'),
('WK0734', '2026-05-30 16:59:00', '2026-05-30 18:49:00', '7890123456789021'),
('WK0735', '2026-05-31 16:32:00', '2026-05-31 17:21:00', '1234567890123468'),
('WK0736', '2026-06-01 12:59:00', '2026-06-01 13:20:00', '7890123456789024'),
('WK0737', '2026-05-29 16:25:00', '2026-05-29 18:13:00', '7890123456789024'),
('WK0738', '2026-05-30 10:30:00', '2026-05-30 11:55:00', '7890123456789024'),
('WK0739', '2026-05-31 13:41:00', '2026-05-31 14:39:00', '3456789012345686'),
('WK0740', '2026-06-01 14:01:00', NULL, '3456789012345686'),
('WK0741', '2026-05-29 10:54:00', '2026-05-29 12:51:00', '3456789012345686'),
('WK0742', '2026-05-30 11:28:00', '2026-05-30 12:36:00', '3456789012345686'),
('WK0743', '2026-05-31 12:47:00', '2026-05-31 14:24:00', '7890123456789053'),
('WK0744', '2026-06-01 11:19:00', '2026-06-01 11:51:00', '1234567890123477'),
('WK0745', '2026-05-29 12:13:00', '2026-05-29 12:49:00', '1234567890123477'),
('WK0746', '2026-05-30 15:33:00', '2026-05-30 16:59:00', '1234567890123477'),
('WK0747', '2026-05-31 16:18:00', '2026-05-31 17:03:00', '3456789012345679'),
('WK0748', '2026-06-01 05:11:00', '2026-06-01 06:18:00', '3456789012345679'),
('WK0749', '2026-05-29 10:39:00', '2026-05-29 12:06:00', '3456789012345679'),
('WK0750', '2026-05-30 15:11:00', '2026-05-30 16:12:00', '3456789012345679'),
('WK0751', '2026-05-31 12:36:00', '2026-05-31 14:21:00', '7890123456789032'),
('WK0752', '2026-06-01 14:06:00', NULL, '7890123456789032'),
('WK0753', '2026-05-29 16:38:00', '2026-05-29 17:23:00', '7890123456789032'),
('WK0754', '2026-05-30 10:07:00', '2026-05-30 11:50:00', '1234567890123465'),
('WK0755', '2026-05-31 13:30:00', '2026-05-31 15:06:00', '1234567890123465'),
('WK0756', '2026-06-01 09:42:00', '2026-06-01 11:24:00', '1234567890123465'),
('WK0757', '2026-05-29 16:16:00', '2026-05-29 17:21:00', '2345678901234589'),
('WK0758', '2026-05-30 10:56:00', '2026-05-30 12:08:00', '7890123456789016'),
('WK0759', '2026-05-31 17:19:00', '2026-05-31 18:31:00', '7890123456789016'),
('WK0760', '2026-06-01 13:07:00', '2026-06-01 13:45:00', '7890123456789016'),
('WK0761', '2026-05-29 17:19:00', '2026-05-29 18:54:00', '4567890123456797'),
('WK0762', '2026-05-30 19:45:00', '2026-05-30 19:59:00', '3456789012345702'),
('WK0763', '2026-05-31 13:50:00', '2026-05-31 14:53:00', '3456789012345702'),
('WK0764', '2026-06-01 10:50:00', '2026-06-01 12:40:00', '3456789012345702'),
('WK0765', '2026-05-29 10:16:00', '2026-05-29 11:41:00', '3456789012345702'),
('WK0766', '2026-05-30 12:42:00', '2026-05-30 13:54:00', '7890123456789053'),
('WK0767', '2026-05-31 18:02:00', '2026-05-31 18:44:00', '7890123456789053'),
('WK0768', '2026-06-01 11:06:00', '2026-06-01 12:00:00', '2345678901234577'),
('WK0769', '2026-05-29 13:20:00', '2026-05-29 14:50:00', '2345678901234577'),
('WK0770', '2026-05-30 12:33:00', '2026-05-30 14:30:00', '2345678901234577'),
('WK0771', '2026-05-31 15:27:00', '2026-05-31 16:34:00', '7890123456789030'),
('WK0772', '2026-06-01 06:57:00', '2026-06-01 08:25:00', '7890123456789030'),
('WK0773', '2026-05-29 11:44:00', '2026-05-29 13:20:00', '2345678901234587'),
('WK0774', '2026-05-30 16:03:00', '2026-05-30 17:28:00', '2345678901234587'),
('WK0775', '2026-05-31 18:26:00', '2026-05-31 19:00:00', '2345678901234587'),
('WK0776', '2026-06-01 13:36:00', NULL, '7890123456789022'),
('WK0777', '2026-05-29 11:44:00', '2026-05-29 12:47:00', '7890123456789022'),
('WK0778', '2026-05-30 19:03:00', '2026-05-30 19:59:00', '7890123456789022'),
('WK0779', '2026-05-31 16:34:00', '2026-05-31 18:31:00', '7890123456789020'),
('WK0780', '2026-06-01 09:56:00', '2026-06-01 11:41:00', '7890123456789020'),
('WK0781', '2026-05-29 18:58:00', '2026-05-29 19:43:00', '7890123456789020'),
('WK0782', '2026-05-30 16:14:00', '2026-05-30 17:24:00', '7890123456789020'),
('WK0783', '2026-05-31 11:37:00', '2026-05-31 12:09:00', '7890123456789029'),
('WK0784', '2026-06-01 14:09:00', NULL, '4567890123456792'),
('WK0785', '2026-05-29 09:31:00', '2026-05-29 10:03:00', '2345678901234578'),
('WK0786', '2026-05-30 14:12:00', '2026-05-30 15:24:00', '2345678901234578'),
('WK0787', '2026-05-31 19:07:00', '2026-05-31 19:54:00', '2345678901234578'),
('WK0788', '2026-06-01 10:48:00', '2026-06-01 11:55:00', '2345678901234578'),
('WK0789', '2026-05-29 12:08:00', '2026-05-29 13:09:00', '2345678901234582'),
('WK0790', '2026-05-30 09:27:00', '2026-05-30 10:50:00', '2345678901234582'),
('WK0791', '2026-05-31 10:59:00', '2026-05-31 12:02:00', '2345678901234582'),
('WK0792', '2026-06-01 06:54:00', '2026-06-01 07:18:00', '2345678901234582'),
('WK0793', '2026-05-29 13:00:00', '2026-05-29 14:33:00', '7890123456789021'),
('WK0794', '2026-05-30 12:15:00', '2026-05-30 13:30:00', '7890123456789021'),
('WK0795', '2026-05-31 14:26:00', '2026-05-31 16:18:00', '7890123456789021'),
('WK0796', '2026-06-01 09:22:00', '2026-06-01 10:39:00', '7890123456789021'),
('WK0797', '2026-05-29 19:45:00', '2026-05-29 19:59:00', '7890123456789020'),
('WK0798', '2026-05-30 13:18:00', '2026-05-30 15:04:00', '7890123456789020'),
('WK0799', '2026-05-31 16:57:00', '2026-05-31 18:51:00', '7890123456789030'),
('WK0800', '2026-06-01 11:41:00', '2026-06-01 12:17:00', '7890123456789030'),
('WK0801', '2026-05-29 17:19:00', '2026-05-29 18:08:00', '7890123456789030'),
('WK0802', '2026-05-30 08:41:00', '2026-05-30 09:35:00', '7890123456789030'),
('WK0803', '2026-05-31 09:11:00', '2026-05-31 10:30:00', '3456789012345683'),
('WK0804', '2026-06-01 12:25:00', '2026-06-01 14:20:00', '7890123456789056'),
('WK0805', '2026-05-29 08:41:00', '2026-05-29 09:29:00', '7890123456789056'),
('WK0806', '2026-05-30 09:58:00', '2026-05-30 11:01:00', '1234567890123470'),
('WK0807', '2026-05-31 12:00:00', '2026-05-31 12:58:00', '1234567890123470'),
('WK0808', '2026-06-01 07:41:00', '2026-06-01 09:38:00', '7890123456789013'),
('WK0809', '2026-05-29 14:01:00', '2026-05-29 15:47:00', '7890123456789013'),
('WK0810', '2026-05-30 07:59:00', '2026-05-30 08:42:00', '7890123456789013'),
('WK0811', '2026-05-31 08:57:00', '2026-05-31 10:14:00', '1234567890123474'),
('WK0812', '2026-06-01 13:09:00', '2026-06-01 14:15:00', '1234567890123474'),
('WK0813', '2026-05-29 10:54:00', '2026-05-29 12:40:00', '1234567890123474'),
('WK0814', '2026-05-30 11:01:00', '2026-05-30 11:51:00', '3456789012345687'),
('WK0815', '2026-05-31 08:28:00', '2026-05-31 09:29:00', '3456789012345687'),
('WK0816', '2026-06-01 07:59:00', '2026-06-01 08:44:00', '3456789012345694'),
('WK0817', '2026-05-29 11:33:00', '2026-05-29 13:23:00', '3456789012345694'),
('WK0818', '2026-05-30 13:05:00', '2026-05-30 13:54:00', '3456789012345694'),
('WK0819', '2026-05-31 19:40:00', '2026-05-31 19:46:00', '3456789012345694'),
('WK0820', '2026-06-01 13:47:00', NULL, '3456789012345685'),
('WK0821', '2026-05-29 19:40:00', '2026-05-29 20:00:00', '3456789012345685'),
('WK0822', '2026-05-30 17:46:00', '2026-05-30 18:22:00', '4567890123456792'),
('WK0823', '2026-05-31 10:03:00', '2026-05-31 11:10:00', '7890123456789042'),
('WK0824', '2026-06-01 12:54:00', '2026-06-01 13:59:00', '7890123456789042'),
('WK0825', '2026-05-29 11:05:00', '2026-05-29 12:15:00', '7890123456789042'),
('WK0826', '2026-05-30 10:38:00', '2026-05-30 11:12:00', '7890123456789042'),
('WK0827', '2026-05-31 12:00:00', '2026-05-31 12:47:00', '3456789012345679'),
('WK0828', '2026-06-01 12:36:00', '2026-06-01 13:07:00', '3456789012345679'),
('WK0829', '2026-05-29 19:16:00', '2026-05-29 19:59:00', '3456789012345679'),
('WK0830', '2026-05-30 18:33:00', '2026-05-30 19:14:00', '1234567890123464'),
('WK0831', '2026-05-31 10:52:00', '2026-05-31 11:46:00', '1234567890123464'),
('WK0832', '2026-06-01 10:11:00', '2026-06-01 11:30:00', '1234567890123464'),
('WK0833', '2026-05-29 16:48:00', '2026-05-29 18:31:00', '1234567890123481'),
('WK0834', '2026-05-30 09:54:00', '2026-05-30 11:03:00', '1234567890123481'),
('WK0835', '2026-05-31 16:11:00', '2026-05-31 17:53:00', '1234567890123481'),
('WK0836', '2026-06-01 12:04:00', '2026-06-01 13:32:00', '7890123456789023'),
('WK0837', '2026-05-29 12:13:00', '2026-05-29 12:49:00', '7890123456789023'),
('WK0838', '2026-05-30 17:17:00', '2026-05-30 18:42:00', '7890123456789023'),
('WK0839', '2026-05-31 15:54:00', '2026-05-31 17:06:00', '7890123456789023'),
('WK0840', '2026-06-01 08:02:00', '2026-06-01 08:40:00', '4567890123456791'),
('WK0841', '2026-05-29 17:50:00', '2026-05-29 18:36:00', '4567890123456791'),
('WK0842', '2026-05-30 17:26:00', '2026-05-30 18:53:00', '4567890123456791'),
('WK0843', '2026-05-31 16:48:00', '2026-05-31 17:19:00', '4567890123456791'),
('WK0844', '2026-06-01 13:39:00', NULL, '4567890123456791'),
('WK0845', '2026-05-29 17:53:00', '2026-05-29 19:09:00', '4567890123456791'),
('WK0846', '2026-05-30 09:56:00', '2026-05-30 10:41:00', '4567890123456808'),
('WK0847', '2026-05-31 10:59:00', '2026-05-31 11:53:00', '4567890123456808'),
('WK0848', '2026-06-01 10:05:00', '2026-06-01 10:43:00', '2345678901234579'),
('WK0849', '2026-05-29 14:46:00', '2026-05-29 16:39:00', '2345678901234579'),
('WK0850', '2026-05-30 19:27:00', '2026-05-30 19:59:00', '7890123456789015'),
('WK0851', '2026-05-31 09:58:00', '2026-05-31 10:41:00', '7890123456789015'),
('WK0852', '2026-06-01 10:12:00', '2026-06-01 11:30:00', '7890123456789015'),
('WK0853', '2026-05-29 18:22:00', '2026-05-29 19:59:00', '1234567890123456'),
('WK0854', '2026-05-30 14:06:00', '2026-05-30 15:40:00', '2345678901234585'),
('WK0855', '2026-05-31 19:11:00', '2026-05-31 19:59:00', '2345678901234585'),
('WK0856', '2026-06-01 08:32:00', '2026-06-01 10:02:00', '3456789012345688'),
('WK0857', '2026-05-29 10:39:00', '2026-05-29 11:55:00', '3456789012345688'),
('WK0858', '2026-05-30 14:19:00', '2026-05-30 15:56:00', '1234567890123456'),
('WK0859', '2026-05-31 08:17:00', '2026-05-31 09:51:00', '3456789012345697'),
('WK0860', '2026-06-01 08:23:00', '2026-06-01 09:19:00', '1234567890123456'),
('WK0861', '2026-05-29 11:17:00', '2026-05-29 12:33:00', '1234567890123456'),
('WK0862', '2026-05-30 17:15:00', '2026-05-30 18:51:00', '1234567890123456'),
('WK0863', '2026-05-31 19:30:00', '2026-05-31 19:59:00', '1234567890123456'),
('WK0864', '2026-06-01 07:36:00', '2026-06-01 08:25:00', '2345678901234585'),
('WK0865', '2026-05-29 16:14:00', '2026-05-29 16:48:00', '1234567890123458'),
('WK0866', '2026-05-30 08:48:00', '2026-05-30 09:49:00', '7890123456789027'),
('WK0867', '2026-05-31 17:44:00', '2026-05-31 18:58:00', '2345678901234583'),
('WK0868', '2026-06-01 11:22:00', '2026-06-01 11:38:00', '4567890123456795');


INSERT INTO Pemesanan
(ID_ps, Waktu_Pesan_ps, Pengunjung_NIK_k, Penjual_NIK_pj, Metode_pembayaran_ID_mp)
VALUES
('PS0001', '2026-05-29 18:22:00', '2345678901234580', '4567890123456790', 'MP0002'),
('PS0002', '2026-05-29 10:02:00', '7890123456789021', '4567890123456793', 'MP0002'),
('PS0003', '2026-05-29 16:27:00', '7890123456789024', '4567890123456796', 'MP0001'),
('PS0004', '2026-05-29 19:16:00', '7890123456789014', '4567890123456796', 'MP0001'),
('PS0005', '2026-05-29 08:57:00', '3456789012345687', '4567890123456791', 'MP0002'),
('PS0006', '2026-05-29 13:45:00', '1234567890123466', '4567890123456790', 'MP0003'),
('PS0007', '2026-05-29 09:33:00', '2345678901234578', '4567890123456794', 'MP0003'),
('PS0008', '2026-05-29 19:45:00', '3456789012345692', '4567890123456789', 'MP0001'),
('PS0009', '2026-05-29 12:38:00', '7890123456789021', '4567890123456792', 'MP0003'),
('PS0010', '2026-05-30 13:12:00', '7890123456789014', '4567890123456794', 'MP0001'),
('PS0011', '2026-05-29 10:34:00', '7890123456789036', '4567890123456796', 'MP0001'),
('PS0012', '2026-05-29 12:40:00', '7890123456789037', '4567890123456792', 'MP0001'),
('PS0013', '2026-05-29 12:08:00', '2345678901234586', '4567890123456796', 'MP0003'),
('PS0014', '2026-05-29 12:26:00', '7890123456789033', '4567890123456794', 'MP0003'),
('PS0015', '2026-05-29 09:17:00', '3456789012345684', '4567890123456789', 'MP0003'),
('PS0016', '2026-05-29 12:02:00', '4567890123456803', '4567890123456798', 'MP0003'),
('PS0017', '2026-05-29 09:28:00', '2345678901234584', '4567890123456792', 'MP0001'),
('PS0018', '2026-05-29 12:15:00', '4567890123456798', '4567890123456791', 'MP0002'),
('PS0019', '2026-05-29 10:47:00', '4567890123456789', '4567890123456791', 'MP0002'),
('PS0020', '2026-05-29 11:30:00', '1234567890123457', '4567890123456791', 'MP0001'),
('PS0021', '2026-05-30 09:04:00', '3456789012345684', '4567890123456792', 'MP0002'),
('PS0022', '2026-05-29 10:23:00', '3456789012345700', '4567890123456797', 'MP0001'),
('PS0023', '2026-05-29 16:18:00', '2345678901234589', '4567890123456794', 'MP0002'),
('PS0024', '2026-05-30 09:31:00', '2345678901234589', '4567890123456794', 'MP0001'),
('PS0025', '2026-05-29 18:51:00', '1234567890123461', '4567890123456791', 'MP0003'),
('PS0026', '2026-05-29 09:51:00', '7890123456789043', '4567890123456789', 'MP0001'),
('PS0027', '2026-05-30 16:30:00', '7890123456789014', '4567890123456789', 'MP0003'),
('PS0028', '2026-05-31 08:48:00', '3456789012345692', '4567890123456798', 'MP0003'),
('PS0029', '2026-05-29 11:10:00', '7890123456789016', '4567890123456795', 'MP0002'),
('PS0030', '2026-05-30 08:44:00', '1234567890123479', '4567890123456791', 'MP0003'),
('PS0031', '2026-05-29 11:50:00', '7890123456789030', '4567890123456791', 'MP0002'),
('PS0032', '2026-05-31 15:52:00', '2345678901234589', '4567890123456797', 'MP0001'),
('PS0033', '2026-05-29 08:19:00', '3456789012345699', '4567890123456790', 'MP0003'),
('PS0034', '2026-05-29 11:46:00', '2345678901234587', '4567890123456790', 'MP0001'),
('PS0035', '2026-05-29 18:13:00', '7890123456789020', '4567890123456798', 'MP0001'),
('PS0036', '2026-05-29 15:42:00', '7890123456789033', '4567890123456791', 'MP0001'),
('PS0037', '2026-05-29 12:04:00', '3456789012345698', '4567890123456789', 'MP0001'),
('PS0038', '2026-05-29 19:27:00', '2345678901234571', '4567890123456797', 'MP0003'),
('PS0039', '2026-05-29 12:20:00', '7890123456789049', '4567890123456789', 'MP0002'),
('PS0040', '2026-05-30 09:13:00', '2345678901234571', '4567890123456795', 'MP0001'),
('PS0041', '2026-05-29 11:07:00', '3456789012345696', '4567890123456798', 'MP0002'),
('PS0042', '2026-05-29 16:16:00', '3456789012345701', '4567890123456796', 'MP0001'),
('PS0043', '2026-05-29 14:48:00', '2345678901234574', '4567890123456794', 'MP0003'),
('PS0044', '2026-05-31 17:28:00', '4567890123456793', '4567890123456798', 'MP0003'),
('PS0045', '2026-05-29 15:20:00', '2345678901234569', '4567890123456791', 'MP0002'),
('PS0046', '2026-05-31 19:54:00', '3456789012345692', '4567890123456797', 'MP0003'),
('PS0047', '2026-05-30 10:45:00', '3456789012345701', '4567890123456796', 'MP0002'),
('PS0048', '2026-05-29 16:11:00', '2345678901234578', '4567890123456792', 'MP0002'),
('PS0049', '2026-06-01 08:39:00', '3456789012345692', '4567890123456790', 'MP0001'),
('PS0050', '2026-06-01 09:53:00', '2345678901234589', '4567890123456795', 'MP0003'),
('PS0051', '2026-05-29 16:46:00', '2345678901234589', '4567890123456796', 'MP0002'),
('PS0052', '2026-05-29 09:31:00', '7890123456789055', '4567890123456795', 'MP0001'),
('PS0053', '2026-05-31 15:44:00', '7890123456789039', '4567890123456794', 'MP0003'),
('PS0054', '2026-05-30 11:48:00', '1234567890123466', '4567890123456790', 'MP0003'),
('PS0055', '2026-05-29 14:30:00', '7890123456789035', '4567890123456789', 'MP0003'),
('PS0056', '2026-05-29 13:45:00', '3456789012345685', '4567890123456789', 'MP0001'),
('PS0057', '2026-05-29 16:39:00', '2345678901234569', '4567890123456790', 'MP0003'),
('PS0058', '2026-05-29 18:20:00', '2345678901234573', '4567890123456794', 'MP0001'),
('PS0059', '2026-05-29 10:09:00', '2345678901234588', '4567890123456797', 'MP0002'),
('PS0060', '2026-05-29 16:38:00', '1234567890123480', '4567890123456797', 'MP0003'),
('PS0061', '2026-05-30 18:45:00', '1234567890123479', '4567890123456793', 'MP0002'),
('PS0062', '2026-05-29 16:32:00', '7890123456789033', '4567890123456794', 'MP0003'),
('PS0063', '2026-05-29 13:45:00', '3456789012345689', '4567890123456789', 'MP0002'),
('PS0064', '2026-05-29 08:32:00', '7890123456789013', '4567890123456789', 'MP0003'),
('PS0065', '2026-05-31 09:19:00', '7890123456789052', '4567890123456789', 'MP0002'),
('PS0066', '2026-05-29 15:20:00', '4567890123456814', '4567890123456795', 'MP0002'),
('PS0067', '2026-05-29 11:57:00', '4567890123456810', '4567890123456797', 'MP0002'),
('PS0068', '2026-05-29 10:00:00', '4567890123456816', '4567890123456794', 'MP0001'),
('PS0069', '2026-05-29 15:49:00', '1234567890123463', '4567890123456791', 'MP0003'),
('PS0070', '2026-05-30 09:29:00', '7890123456789033', '4567890123456795', 'MP0002'),
('PS0071', '2026-05-29 13:20:00', '4567890123456792', '4567890123456790', 'MP0002'),
('PS0072', '2026-05-29 16:00:00', '7890123456789016', '4567890123456791', 'MP0003'),
('PS0073', '2026-05-29 10:18:00', '7890123456789050', '4567890123456794', 'MP0003'),
('PS0074', '2026-05-29 15:44:00', '1234567890123473', '4567890123456794', 'MP0002'),
('PS0075', '2026-05-31 16:09:00', '7890123456789052', '4567890123456796', 'MP0002'),
('PS0076', '2026-05-30 14:57:00', '7890123456789028', '4567890123456797', 'MP0003'),
('PS0077', '2026-05-29 11:08:00', '1234567890123478', '4567890123456791', 'MP0003'),
('PS0078', '2026-05-30 17:19:00', '2345678901234573', '4567890123456798', 'MP0001'),
('PS0079', '2026-05-29 09:29:00', '7890123456789031', '4567890123456798', 'MP0001'),
('PS0080', '2026-05-29 09:55:00', '4567890123456817', '4567890123456797', 'MP0002'),
('PS0081', '2026-05-29 09:17:00', '4567890123456804', '4567890123456790', 'MP0002'),
('PS0082', '2026-05-30 08:59:00', '1234567890123473', '4567890123456792', 'MP0002'),
('PS0083', '2026-05-29 18:28:00', '1234567890123470', '4567890123456796', 'MP0001'),
('PS0084', '2026-05-29 09:36:00', '2345678901234584', '4567890123456798', 'MP0002'),
('PS0085', '2026-06-01 09:51:00', '7890123456789018', '4567890123456795', 'MP0002'),
('PS0086', '2026-05-29 11:46:00', '7890123456789022', '4567890123456796', 'MP0001'),
('PS0087', '2026-05-29 14:37:00', '4567890123456817', '4567890123456790', 'MP0003'),
('PS0088', '2026-05-29 19:11:00', '7890123456789038', '4567890123456789', 'MP0001'),
('PS0089', '2026-05-29 15:28:00', '4567890123456818', '4567890123456789', 'MP0002'),
('PS0090', '2026-05-29 13:03:00', '7890123456789049', '4567890123456793', 'MP0002'),
('PS0091', '2026-05-29 17:15:00', '7890123456789016', '4567890123456790', 'MP0002'),
('PS0092', '2026-05-29 15:24:00', '4567890123456789', '4567890123456791', 'MP0003'),
('PS0093', '2026-05-29 15:54:00', '3456789012345700', '4567890123456797', 'MP0003'),
('PS0094', '2026-05-29 13:29:00', '7890123456789022', '4567890123456797', 'MP0001'),
('PS0095', '2026-05-29 09:56:00', '2345678901234568', '4567890123456790', 'MP0002'),
('PS0096', '2026-05-29 16:58:00', '1234567890123472', '4567890123456791', 'MP0003'),
('PS0097', '2026-05-30 11:37:00', '2345678901234576', '4567890123456796', 'MP0003'),
('PS0098', '2026-05-29 12:15:00', '1234567890123477', '4567890123456794', 'MP0003'),
('PS0099', '2026-05-29 18:00:00', '7890123456789024', '4567890123456789', 'MP0003'),
('PS0100', '2026-05-29 12:36:00', '2345678901234586', '4567890123456793', 'MP0001'),
('PS0101', '2026-05-29 13:34:00', '4567890123456805', '4567890123456793', 'MP0002'),
('PS0102', '2026-05-29 19:44:00', '3456789012345700', '4567890123456797', 'MP0001'),
('PS0103', '2026-05-30 15:07:00', '7890123456789033', '4567890123456790', 'MP0003'),
('PS0104', '2026-05-30 10:10:00', '3456789012345700', '4567890123456796', 'MP0002'),
('PS0105', '2026-05-29 08:28:00', '3456789012345678', '4567890123456796', 'MP0002'),
('PS0106', '2026-05-30 16:19:00', '4567890123456817', '4567890123456794', 'MP0003'),
('PS0107', '2026-05-29 12:13:00', '4567890123456797', '4567890123456790', 'MP0002'),
('PS0108', '2026-05-29 18:58:00', '1234567890123459', '4567890123456789', 'MP0002'),
('PS0109', '2026-05-30 16:03:00', '1234567890123459', '4567890123456793', 'MP0002'),
('PS0110', '2026-05-29 17:50:00', '7890123456789035', '4567890123456796', 'MP0001'),
('PS0111', '2026-05-31 08:55:00', '3456789012345684', '4567890123456798', 'MP0002'),
('PS0112', '2026-05-30 12:33:00', '7890123456789049', '4567890123456792', 'MP0003'),
('PS0113', '2026-05-29 18:33:00', '4567890123456807', '4567890123456790', 'MP0001'),
('PS0114', '2026-05-30 12:22:00', '7890123456789034', '4567890123456793', 'MP0003'),
('PS0115', '2026-05-29 19:30:00', '2345678901234588', '4567890123456795', 'MP0002'),
('PS0116', '2026-05-30 10:43:00', '7890123456789038', '4567890123456791', 'MP0001'),
('PS0117', '2026-05-29 12:49:00', '1234567890123460', '4567890123456792', 'MP0003'),
('PS0118', '2026-05-31 09:33:00', '7890123456789052', '4567890123456795', 'MP0002'),
('PS0119', '2026-05-29 10:56:00', '7890123456789019', '4567890123456796', 'MP0001'),
('PS0120', '2026-05-29 19:53:00', '1234567890123480', '4567890123456789', 'MP0003'),
('PS0121', '2026-05-30 09:04:00', '4567890123456816', '4567890123456792', 'MP0001'),
('PS0122', '2026-05-30 18:42:00', '7890123456789048', '4567890123456798', 'MP0003'),
('PS0123', '2026-05-30 17:06:00', '2345678901234576', '4567890123456792', 'MP0002'),
('PS0124', '2026-05-29 12:31:00', '4567890123456810', '4567890123456792', 'MP0003'),
('PS0125', '2026-05-31 12:47:00', '7890123456789028', '4567890123456796', 'MP0002'),
('PS0126', '2026-05-29 13:31:00', '1234567890123465', '4567890123456793', 'MP0002'),
('PS0127', '2026-05-29 16:57:00', '4567890123456805', '4567890123456794', 'MP0003'),
('PS0128', '2026-05-30 10:36:00', '2345678901234574', '4567890123456794', 'MP0001'),
('PS0129', '2026-05-29 08:39:00', '1234567890123476', '4567890123456798', 'MP0003'),
('PS0130', '2026-05-29 12:10:00', '2345678901234582', '4567890123456796', 'MP0001'),
('PS0131', '2026-05-29 12:26:00', '7890123456789051', '4567890123456798', 'MP0002'),
('PS0132', '2026-06-01 10:19:00', '3456789012345684', '4567890123456795', 'MP0003'),
('PS0133', '2026-05-29 09:45:00', '3456789012345684', '4567890123456798', 'MP0002'),
('PS0134', '2026-05-30 17:58:00', '2345678901234574', '4567890123456794', 'MP0001'),
('PS0135', '2026-05-29 15:51:00', '7890123456789043', '4567890123456792', 'MP0001'),
('PS0136', '2026-05-30 11:19:00', '7890123456789016', '4567890123456792', 'MP0002'),
('PS0137', '2026-05-30 10:30:00', '4567890123456814', '4567890123456789', 'MP0002'),
('PS0138', '2026-05-29 13:13:00', '3456789012345703', '4567890123456795', 'MP0002'),
('PS0139', '2026-05-29 18:13:00', '1234567890123460', '4567890123456791', 'MP0003'),
('PS0140', '2026-05-29 09:02:00', '4567890123456801', '4567890123456793', 'MP0003'),
('PS0141', '2026-05-29 11:25:00', '7890123456789045', '4567890123456798', 'MP0002'),
('PS0142', '2026-05-29 13:47:00', '4567890123456790', '4567890123456794', 'MP0003'),
('PS0143', '2026-05-30 15:02:00', '7890123456789029', '4567890123456794', 'MP0002'),
('PS0144', '2026-05-29 15:52:00', '4567890123456789', '4567890123456791', 'MP0001'),
('PS0145', '2026-05-31 12:07:00', '3456789012345701', '4567890123456789', 'MP0003'),
('PS0146', '2026-05-29 16:03:00', '1234567890123478', '4567890123456792', 'MP0001'),
('PS0147', '2026-05-29 11:03:00', '3456789012345687', '4567890123456795', 'MP0001'),
('PS0148', '2026-05-29 11:10:00', '4567890123456801', '4567890123456794', 'MP0002'),
('PS0149', '2026-06-01 12:32:00', '4567890123456817', '4567890123456797', 'MP0001'),
('PS0150', '2026-05-29 11:19:00', '1234567890123456', '4567890123456798', 'MP0003'),
('PS0151', '2026-05-30 10:00:00', '1234567890123472', '4567890123456791', 'MP0002'),
('PS0152', '2026-05-29 14:03:00', '7890123456789036', '4567890123456794', 'MP0001'),
('PS0153', '2026-05-30 18:25:00', '1234567890123473', '4567890123456790', 'MP0002'),
('PS0154', '2026-05-29 09:15:00', '7890123456789042', '4567890123456792', 'MP0002'),
('PS0155', '2026-05-29 18:31:00', '1234567890123456', '4567890123456795', 'MP0002'),
('PS0156', '2026-05-29 13:56:00', '7890123456789040', '4567890123456791', 'MP0001'),
('PS0157', '2026-05-31 12:20:00', '4567890123456799', '4567890123456792', 'MP0003'),
('PS0158', '2026-05-29 19:54:00', '2345678901234582', '4567890123456792', 'MP0001'),
('PS0159', '2026-05-30 14:28:00', '2345678901234578', '4567890123456796', 'MP0002'),
('PS0160', '2026-05-29 08:59:00', '1234567890123464', '4567890123456798', 'MP0002'),
('PS0161', '2026-05-29 19:18:00', '1234567890123470', '4567890123456791', 'MP0001'),
('PS0162', '2026-05-30 08:50:00', '7890123456789027', '4567890123456798', 'MP0001'),
('PS0163', '2026-05-30 09:04:00', '3456789012345678', '4567890123456796', 'MP0002'),
('PS0164', '2026-05-29 11:17:00', '2345678901234567', '4567890123456791', 'MP0001'),
('PS0165', '2026-05-31 11:28:00', '1234567890123479', '4567890123456791', 'MP0003'),
('PS0166', '2026-05-30 08:33:00', '1234567890123465', '4567890123456793', 'MP0002'),
('PS0167', '2026-05-29 19:02:00', '7890123456789053', '4567890123456794', 'MP0002'),
('PS0168', '2026-05-29 14:19:00', '7890123456789055', '4567890123456791', 'MP0002'),
('PS0169', '2026-05-29 10:56:00', '3456789012345686', '4567890123456795', 'MP0002'),
('PS0170', '2026-05-30 08:19:00', '7890123456789036', '4567890123456795', 'MP0001'),
('PS0171', '2026-05-30 09:49:00', '4567890123456815', '4567890123456789', 'MP0003'),
('PS0172', '2026-05-29 18:40:00', '7890123456789024', '4567890123456796', 'MP0002'),
('PS0173', '2026-05-30 18:38:00', '2345678901234578', '4567890123456789', 'MP0001'),
('PS0174', '2026-05-30 17:44:00', '7890123456789038', '4567890123456795', 'MP0002'),
('PS0175', '2026-05-29 11:14:00', '7890123456789042', '4567890123456794', 'MP0001'),
('PS0176', '2026-05-29 17:30:00', '2345678901234587', '4567890123456795', 'MP0001'),
('PS0177', '2026-05-31 15:02:00', '4567890123456815', '4567890123456797', 'MP0003'),
('PS0178', '2026-05-30 13:17:00', '7890123456789016', '4567890123456794', 'MP0002'),
('PS0179', '2026-05-30 11:17:00', '3456789012345687', '4567890123456789', 'MP0001'),
('PS0180', '2026-05-31 12:27:00', '4567890123456799', '4567890123456794', 'MP0003'),
('PS0181', '2026-05-30 19:53:00', '3456789012345687', '4567890123456794', 'MP0002'),
('PS0182', '2026-05-30 08:10:00', '4567890123456804', '4567890123456797', 'MP0001');


INSERT INTO Detail_Pemesanan
(ID_dps, Kuantitas_dps, Harga_Satuan_dps, Pemesanan_ID_ps, Makanan_ID_mk)
VALUES
('DS0001', 2, 30000, 'PS0001', 'MK0002'),
('DS0002', 3, 3000, 'PS0001', 'MK0012'),
('DS0003', 2, 10000, 'PS0001', 'MK0022'),
('DS0004', 1, 10000, 'PS0001', 'MK0032'),
('DS0005', 2, 7000, 'PS0002', 'MK0005'),
('DS0006', 2, 18000, 'PS0003', 'MK0008'),
('DS0007', 3, 12000, 'PS0003', 'MK0018'),
('DS0008', 1, 10000, 'PS0003', 'MK0028'),
('DS0009', 3, 18000, 'PS0004', 'MK0008'),
('DS0010', 3, 12000, 'PS0004', 'MK0018'),
('DS0011', 3, 10000, 'PS0004', 'MK0028'),
('DS0012', 1, 20000, 'PS0005', 'MK0003'),
('DS0013', 2, 8000, 'PS0005', 'MK0013'),
('DS0014', 2, 30000, 'PS0006', 'MK0002'),
('DS0015', 2, 3000, 'PS0006', 'MK0012'),
('DS0016', 2, 10000, 'PS0006', 'MK0022'),
('DS0017', 3, 8000, 'PS0007', 'MK0006'),
('DS0018', 4, 7000, 'PS0007', 'MK0016'),
('DS0019', 3, 18000, 'PS0007', 'MK0026'),
('DS0020', 3, 5000, 'PS0007', 'MK0036'),
('DS0021', 2, 25000, 'PS0008', 'MK0001'),
('DS0022', 1, 20000, 'PS0008', 'MK0011'),
('DS0023', 2, 35000, 'PS0008', 'MK0021'),
('DS0024', 4, 5000, 'PS0009', 'MK0004'),
('DS0025', 3, 6000, 'PS0009', 'MK0014'),
('DS0026', 3, 12000, 'PS0009', 'MK0024'),
('DS0027', 3, 12000, 'PS0009', 'MK0034'),
('DS0028', 4, 8000, 'PS0010', 'MK0006'),
('DS0029', 3, 7000, 'PS0010', 'MK0016'),
('DS0030', 2, 18000, 'PS0010', 'MK0026'),
('DS0031', 1, 5000, 'PS0010', 'MK0036'),
('DS0032', 2, 18000, 'PS0011', 'MK0008'),
('DS0033', 2, 5000, 'PS0012', 'MK0004'),
('DS0034', 1, 6000, 'PS0012', 'MK0014'),
('DS0035', 2, 18000, 'PS0013', 'MK0008'),
('DS0036', 2, 12000, 'PS0013', 'MK0018'),
('DS0037', 2, 10000, 'PS0013', 'MK0028'),
('DS0038', 2, 8000, 'PS0014', 'MK0006'),
('DS0039', 2, 7000, 'PS0014', 'MK0016'),
('DS0040', 1, 18000, 'PS0014', 'MK0026'),
('DS0041', 3, 25000, 'PS0015', 'MK0001'),
('DS0042', 3, 20000, 'PS0015', 'MK0011'),
('DS0043', 4, 35000, 'PS0015', 'MK0021'),
('DS0044', 4, 15000, 'PS0015', 'MK0031'),
('DS0045', 2, 10000, 'PS0016', 'MK0010'),
('DS0046', 2, 5000, 'PS0017', 'MK0004'),
('DS0047', 1, 6000, 'PS0017', 'MK0014'),
('DS0048', 2, 12000, 'PS0017', 'MK0024'),
('DS0049', 1, 12000, 'PS0017', 'MK0034'),
('DS0050', 3, 20000, 'PS0018', 'MK0003'),
('DS0051', 3, 8000, 'PS0018', 'MK0013'),
('DS0052', 2, 7000, 'PS0018', 'MK0023'),
('DS0053', 3, 8000, 'PS0018', 'MK0033'),
('DS0054', 2, 20000, 'PS0019', 'MK0003'),
('DS0055', 1, 8000, 'PS0019', 'MK0013'),
('DS0056', 1, 7000, 'PS0019', 'MK0023'),
('DS0057', 1, 8000, 'PS0019', 'MK0033'),
('DS0058', 1, 20000, 'PS0020', 'MK0003'),
('DS0059', 4, 5000, 'PS0021', 'MK0004'),
('DS0060', 3, 6000, 'PS0021', 'MK0014'),
('DS0061', 2, 12000, 'PS0021', 'MK0024'),
('DS0062', 2, 12000, 'PS0021', 'MK0034'),
('DS0063', 3, 12000, 'PS0022', 'MK0009'),
('DS0064', 4, 25000, 'PS0022', 'MK0019'),
('DS0065', 5, 15000, 'PS0022', 'MK0029'),
('DS0066', 2, 8000, 'PS0023', 'MK0006'),
('DS0067', 2, 7000, 'PS0023', 'MK0016'),
('DS0068', 1, 8000, 'PS0024', 'MK0006'),
('DS0069', 2, 7000, 'PS0024', 'MK0016'),
('DS0070', 2, 18000, 'PS0024', 'MK0026'),
('DS0071', 2, 20000, 'PS0025', 'MK0003'),
('DS0072', 1, 25000, 'PS0026', 'MK0001'),
('DS0073', 2, 25000, 'PS0027', 'MK0001'),
('DS0074', 3, 20000, 'PS0027', 'MK0011'),
('DS0075', 2, 35000, 'PS0027', 'MK0021'),
('DS0076', 2, 15000, 'PS0027', 'MK0031'),
('DS0077', 2, 10000, 'PS0028', 'MK0010'),
('DS0078', 2, 20000, 'PS0028', 'MK0020'),
('DS0079', 4, 15000, 'PS0029', 'MK0007'),
('DS0080', 6, 30000, 'PS0029', 'MK0017'),
('DS0081', 2, 14000, 'PS0029', 'MK0027'),
('DS0082', 3, 20000, 'PS0030', 'MK0003'),
('DS0083', 3, 8000, 'PS0030', 'MK0013'),
('DS0084', 2, 7000, 'PS0030', 'MK0023'),
('DS0085', 1, 8000, 'PS0030', 'MK0033'),
('DS0086', 2, 20000, 'PS0031', 'MK0003'),
('DS0087', 1, 8000, 'PS0031', 'MK0013'),
('DS0088', 1, 7000, 'PS0031', 'MK0023'),
('DS0089', 1, 8000, 'PS0031', 'MK0033'),
('DS0090', 2, 12000, 'PS0032', 'MK0009'),
('DS0091', 1, 25000, 'PS0032', 'MK0019'),
('DS0092', 2, 30000, 'PS0033', 'MK0002'),
('DS0093', 1, 3000, 'PS0033', 'MK0012'),
('DS0094', 2, 10000, 'PS0033', 'MK0022'),
('DS0095', 1, 30000, 'PS0034', 'MK0002'),
('DS0096', 2, 3000, 'PS0034', 'MK0012'),
('DS0097', 2, 10000, 'PS0034', 'MK0022'),
('DS0098', 4, 10000, 'PS0035', 'MK0010'),
('DS0099', 5, 20000, 'PS0035', 'MK0020'),
('DS0100', 4, 8000, 'PS0035', 'MK0030'),
('DS0101', 2, 20000, 'PS0036', 'MK0003'),
('DS0102', 3, 8000, 'PS0036', 'MK0013'),
('DS0103', 3, 7000, 'PS0036', 'MK0023'),
('DS0104', 4, 8000, 'PS0036', 'MK0033'),
('DS0105', 2, 25000, 'PS0037', 'MK0001'),
('DS0106', 2, 12000, 'PS0038', 'MK0009'),
('DS0107', 1, 25000, 'PS0038', 'MK0019'),
('DS0108', 2, 15000, 'PS0038', 'MK0029'),
('DS0109', 2, 25000, 'PS0039', 'MK0001'),
('DS0110', 1, 20000, 'PS0039', 'MK0011'),
('DS0111', 1, 35000, 'PS0039', 'MK0021'),
('DS0112', 4, 15000, 'PS0040', 'MK0007'),
('DS0113', 3, 30000, 'PS0040', 'MK0017'),
('DS0114', 2, 14000, 'PS0040', 'MK0027'),
('DS0115', 1, 10000, 'PS0041', 'MK0010'),
('DS0116', 1, 20000, 'PS0041', 'MK0020'),
('DS0117', 2, 8000, 'PS0041', 'MK0030'),
('DS0118', 3, 18000, 'PS0042', 'MK0008'),
('DS0119', 2, 12000, 'PS0042', 'MK0018'),
('DS0120', 2, 10000, 'PS0042', 'MK0028'),
('DS0121', 5, 8000, 'PS0043', 'MK0006'),
('DS0122', 2, 7000, 'PS0043', 'MK0016'),
('DS0123', 2, 18000, 'PS0043', 'MK0026'),
('DS0124', 3, 5000, 'PS0043', 'MK0036'),
('DS0125', 4, 10000, 'PS0044', 'MK0010'),
('DS0126', 4, 20000, 'PS0044', 'MK0020'),
('DS0127', 4, 8000, 'PS0044', 'MK0030'),
('DS0128', 4, 20000, 'PS0045', 'MK0003'),
('DS0129', 1, 8000, 'PS0045', 'MK0013'),
('DS0130', 1, 7000, 'PS0045', 'MK0023'),
('DS0131', 1, 8000, 'PS0045', 'MK0033'),
('DS0132', 5, 12000, 'PS0046', 'MK0009'),
('DS0133', 4, 25000, 'PS0046', 'MK0019'),
('DS0134', 3, 15000, 'PS0046', 'MK0029'),
('DS0135', 3, 18000, 'PS0047', 'MK0008'),
('DS0136', 3, 12000, 'PS0047', 'MK0018'),
('DS0137', 1, 10000, 'PS0047', 'MK0028'),
('DS0138', 2, 5000, 'PS0048', 'MK0004'),
('DS0139', 2, 6000, 'PS0048', 'MK0014'),
('DS0140', 4, 30000, 'PS0049', 'MK0002'),
('DS0141', 2, 3000, 'PS0049', 'MK0012'),
('DS0142', 1, 10000, 'PS0049', 'MK0022'),
('DS0143', 2, 10000, 'PS0049', 'MK0032'),
('DS0144', 1, 15000, 'PS0050', 'MK0007'),
('DS0145', 1, 30000, 'PS0050', 'MK0017'),
('DS0146', 4, 18000, 'PS0051', 'MK0008'),
('DS0147', 3, 12000, 'PS0051', 'MK0018'),
('DS0148', 2, 10000, 'PS0051', 'MK0028'),
('DS0149', 1, 15000, 'PS0052', 'MK0007'),
('DS0150', 1, 30000, 'PS0052', 'MK0017'),
('DS0151', 1, 14000, 'PS0052', 'MK0027'),
('DS0152', 2, 8000, 'PS0053', 'MK0006'),
('DS0153', 2, 7000, 'PS0053', 'MK0016'),
('DS0154', 1, 18000, 'PS0053', 'MK0026'),
('DS0155', 1, 5000, 'PS0053', 'MK0036'),
('DS0156', 1, 30000, 'PS0054', 'MK0002'),
('DS0157', 1, 3000, 'PS0054', 'MK0012'),
('DS0158', 2, 10000, 'PS0054', 'MK0022'),
('DS0159', 1, 25000, 'PS0055', 'MK0001'),
('DS0160', 1, 20000, 'PS0055', 'MK0011'),
('DS0161', 2, 25000, 'PS0056', 'MK0001'),
('DS0162', 2, 20000, 'PS0056', 'MK0011'),
('DS0163', 1, 35000, 'PS0056', 'MK0021'),
('DS0164', 2, 15000, 'PS0056', 'MK0031'),
('DS0165', 3, 30000, 'PS0057', 'MK0002'),
('DS0166', 2, 3000, 'PS0057', 'MK0012'),
('DS0167', 4, 10000, 'PS0057', 'MK0022'),
('DS0168', 1, 10000, 'PS0057', 'MK0032'),
('DS0169', 1, 8000, 'PS0058', 'MK0006'),
('DS0170', 5, 12000, 'PS0059', 'MK0009'),
('DS0171', 4, 25000, 'PS0059', 'MK0019'),
('DS0172', 3, 15000, 'PS0059', 'MK0029'),
('DS0173', 5, 12000, 'PS0060', 'MK0009'),
('DS0174', 4, 25000, 'PS0060', 'MK0019'),
('DS0175', 4, 15000, 'PS0060', 'MK0029'),
('DS0176', 5, 7000, 'PS0061', 'MK0005'),
('DS0177', 3, 4000, 'PS0061', 'MK0015'),
('DS0178', 3, 30000, 'PS0061', 'MK0025'),
('DS0179', 4, 4000, 'PS0061', 'MK0035'),
('DS0180', 1, 8000, 'PS0062', 'MK0006'),
('DS0181', 1, 7000, 'PS0062', 'MK0016'),
('DS0182', 2, 18000, 'PS0062', 'MK0026'),
('DS0183', 1, 5000, 'PS0062', 'MK0036'),
('DS0184', 3, 25000, 'PS0063', 'MK0001'),
('DS0185', 1, 20000, 'PS0063', 'MK0011'),
('DS0186', 2, 35000, 'PS0063', 'MK0021'),
('DS0187', 2, 15000, 'PS0063', 'MK0031'),
('DS0188', 2, 25000, 'PS0064', 'MK0001'),
('DS0189', 1, 20000, 'PS0064', 'MK0011'),
('DS0190', 2, 25000, 'PS0065', 'MK0001'),
('DS0191', 2, 15000, 'PS0066', 'MK0007'),
('DS0192', 1, 12000, 'PS0067', 'MK0009'),
('DS0193', 1, 25000, 'PS0067', 'MK0019'),
('DS0194', 1, 15000, 'PS0067', 'MK0029'),
('DS0195', 2, 8000, 'PS0068', 'MK0006'),
('DS0196', 2, 7000, 'PS0068', 'MK0016'),
('DS0197', 2, 18000, 'PS0068', 'MK0026'),
('DS0198', 4, 20000, 'PS0069', 'MK0003'),
('DS0199', 3, 8000, 'PS0069', 'MK0013'),
('DS0200', 2, 7000, 'PS0069', 'MK0023'),
('DS0201', 3, 8000, 'PS0069', 'MK0033'),
('DS0202', 4, 15000, 'PS0070', 'MK0007'),
('DS0203', 4, 30000, 'PS0070', 'MK0017'),
('DS0204', 2, 14000, 'PS0070', 'MK0027'),
('DS0205', 1, 30000, 'PS0071', 'MK0002'),
('DS0206', 6, 20000, 'PS0072', 'MK0003'),
('DS0207', 3, 8000, 'PS0072', 'MK0013'),
('DS0208', 2, 7000, 'PS0072', 'MK0023'),
('DS0209', 3, 8000, 'PS0072', 'MK0033'),
('DS0210', 4, 8000, 'PS0073', 'MK0006'),
('DS0211', 3, 7000, 'PS0073', 'MK0016'),
('DS0212', 1, 18000, 'PS0073', 'MK0026'),
('DS0213', 1, 5000, 'PS0073', 'MK0036'),
('DS0214', 2, 8000, 'PS0074', 'MK0006'),
('DS0215', 1, 7000, 'PS0074', 'MK0016'),
('DS0216', 2, 18000, 'PS0074', 'MK0026'),
('DS0217', 4, 18000, 'PS0075', 'MK0008'),
('DS0218', 3, 12000, 'PS0075', 'MK0018'),
('DS0219', 3, 10000, 'PS0075', 'MK0028'),
('DS0220', 1, 12000, 'PS0076', 'MK0009'),
('DS0221', 1, 25000, 'PS0076', 'MK0019'),
('DS0222', 2, 20000, 'PS0077', 'MK0003'),
('DS0223', 1, 8000, 'PS0077', 'MK0013'),
('DS0224', 3, 10000, 'PS0078', 'MK0010'),
('DS0225', 5, 20000, 'PS0078', 'MK0020'),
('DS0226', 5, 8000, 'PS0078', 'MK0030'),
('DS0227', 5, 10000, 'PS0079', 'MK0010'),
('DS0228', 4, 20000, 'PS0079', 'MK0020'),
('DS0229', 4, 8000, 'PS0079', 'MK0030'),
('DS0230', 2, 12000, 'PS0080', 'MK0009'),
('DS0231', 1, 25000, 'PS0080', 'MK0019'),
('DS0232', 1, 15000, 'PS0080', 'MK0029'),
('DS0233', 3, 30000, 'PS0081', 'MK0002'),
('DS0234', 3, 3000, 'PS0081', 'MK0012'),
('DS0235', 3, 10000, 'PS0081', 'MK0022'),
('DS0236', 4, 10000, 'PS0081', 'MK0032'),
('DS0237', 3, 5000, 'PS0082', 'MK0004'),
('DS0238', 4, 6000, 'PS0082', 'MK0014'),
('DS0239', 3, 12000, 'PS0082', 'MK0024'),
('DS0240', 2, 12000, 'PS0082', 'MK0034'),
('DS0241', 4, 18000, 'PS0083', 'MK0008'),
('DS0242', 1, 12000, 'PS0083', 'MK0018'),
('DS0243', 2, 10000, 'PS0083', 'MK0028'),
('DS0244', 5, 10000, 'PS0084', 'MK0010'),
('DS0245', 5, 20000, 'PS0084', 'MK0020'),
('DS0246', 5, 8000, 'PS0084', 'MK0030'),
('DS0247', 3, 15000, 'PS0085', 'MK0007'),
('DS0248', 3, 30000, 'PS0085', 'MK0017'),
('DS0249', 2, 14000, 'PS0085', 'MK0027'),
('DS0250', 1, 18000, 'PS0086', 'MK0008'),
('DS0251', 1, 12000, 'PS0086', 'MK0018'),
('DS0252', 3, 30000, 'PS0087', 'MK0002'),
('DS0253', 3, 3000, 'PS0087', 'MK0012'),
('DS0254', 1, 10000, 'PS0087', 'MK0022'),
('DS0255', 2, 10000, 'PS0087', 'MK0032'),
('DS0256', 4, 25000, 'PS0088', 'MK0001'),
('DS0257', 1, 20000, 'PS0088', 'MK0011'),
('DS0258', 2, 35000, 'PS0088', 'MK0021'),
('DS0259', 2, 15000, 'PS0088', 'MK0031'),
('DS0260', 1, 25000, 'PS0089', 'MK0001'),
('DS0261', 3, 7000, 'PS0090', 'MK0005'),
('DS0262', 3, 4000, 'PS0090', 'MK0015'),
('DS0263', 2, 30000, 'PS0090', 'MK0025'),
('DS0264', 4, 4000, 'PS0090', 'MK0035'),
('DS0265', 1, 30000, 'PS0091', 'MK0002'),
('DS0266', 2, 3000, 'PS0091', 'MK0012'),
('DS0267', 2, 10000, 'PS0091', 'MK0022'),
('DS0268', 2, 20000, 'PS0092', 'MK0003'),
('DS0269', 5, 12000, 'PS0093', 'MK0009'),
('DS0270', 4, 25000, 'PS0093', 'MK0019'),
('DS0271', 5, 15000, 'PS0093', 'MK0029'),
('DS0272', 1, 12000, 'PS0094', 'MK0009'),
('DS0273', 1, 25000, 'PS0094', 'MK0019'),
('DS0274', 1, 15000, 'PS0094', 'MK0029'),
('DS0275', 1, 30000, 'PS0095', 'MK0002'),
('DS0276', 1, 3000, 'PS0095', 'MK0012'),
('DS0277', 4, 20000, 'PS0096', 'MK0003'),
('DS0278', 3, 8000, 'PS0096', 'MK0013'),
('DS0279', 4, 7000, 'PS0096', 'MK0023'),
('DS0280', 3, 8000, 'PS0096', 'MK0033'),
('DS0281', 3, 18000, 'PS0097', 'MK0008'),
('DS0282', 2, 12000, 'PS0097', 'MK0018'),
('DS0283', 1, 10000, 'PS0097', 'MK0028'),
('DS0284', 2, 8000, 'PS0098', 'MK0006'),
('DS0285', 3, 7000, 'PS0098', 'MK0016'),
('DS0286', 2, 18000, 'PS0098', 'MK0026'),
('DS0287', 2, 5000, 'PS0098', 'MK0036'),
('DS0288', 3, 25000, 'PS0099', 'MK0001'),
('DS0289', 2, 20000, 'PS0099', 'MK0011'),
('DS0290', 1, 35000, 'PS0099', 'MK0021'),
('DS0291', 1, 15000, 'PS0099', 'MK0031'),
('DS0292', 3, 7000, 'PS0100', 'MK0005'),
('DS0293', 2, 4000, 'PS0100', 'MK0015'),
('DS0294', 3, 30000, 'PS0100', 'MK0025'),
('DS0295', 4, 4000, 'PS0100', 'MK0035'),
('DS0296', 2, 7000, 'PS0101', 'MK0005'),
('DS0297', 1, 4000, 'PS0101', 'MK0015'),
('DS0298', 2, 30000, 'PS0101', 'MK0025'),
('DS0299', 1, 4000, 'PS0101', 'MK0035'),
('DS0300', 3, 12000, 'PS0102', 'MK0009'),
('DS0301', 2, 25000, 'PS0102', 'MK0019'),
('DS0302', 2, 15000, 'PS0102', 'MK0029'),
('DS0303', 4, 30000, 'PS0103', 'MK0002'),
('DS0304', 4, 3000, 'PS0103', 'MK0012'),
('DS0305', 4, 10000, 'PS0103', 'MK0022'),
('DS0306', 2, 10000, 'PS0103', 'MK0032'),
('DS0307', 1, 18000, 'PS0104', 'MK0008'),
('DS0308', 1, 18000, 'PS0105', 'MK0008'),
('DS0309', 2, 8000, 'PS0106', 'MK0006'),
('DS0310', 3, 7000, 'PS0106', 'MK0016'),
('DS0311', 4, 18000, 'PS0106', 'MK0026'),
('DS0312', 2, 5000, 'PS0106', 'MK0036'),
('DS0313', 3, 30000, 'PS0107', 'MK0002'),
('DS0314', 2, 3000, 'PS0107', 'MK0012'),
('DS0315', 1, 10000, 'PS0107', 'MK0022'),
('DS0316', 1, 10000, 'PS0107', 'MK0032'),
('DS0317', 5, 25000, 'PS0108', 'MK0001'),
('DS0318', 4, 20000, 'PS0108', 'MK0011'),
('DS0319', 4, 35000, 'PS0108', 'MK0021'),
('DS0320', 2, 15000, 'PS0108', 'MK0031'),
('DS0321', 2, 7000, 'PS0109', 'MK0005'),
('DS0322', 2, 18000, 'PS0110', 'MK0008'),
('DS0323', 1, 12000, 'PS0110', 'MK0018'),
('DS0324', 1, 10000, 'PS0110', 'MK0028'),
('DS0325', 1, 10000, 'PS0111', 'MK0010'),
('DS0326', 1, 20000, 'PS0111', 'MK0020'),
('DS0327', 2, 8000, 'PS0111', 'MK0030'),
('DS0328', 2, 5000, 'PS0112', 'MK0004'),
('DS0329', 1, 6000, 'PS0112', 'MK0014'),
('DS0330', 1, 12000, 'PS0112', 'MK0024'),
('DS0331', 2, 12000, 'PS0112', 'MK0034'),
('DS0332', 1, 30000, 'PS0113', 'MK0002'),
('DS0333', 2, 3000, 'PS0113', 'MK0012'),
('DS0334', 5, 7000, 'PS0114', 'MK0005'),
('DS0335', 2, 4000, 'PS0114', 'MK0015'),
('DS0336', 3, 30000, 'PS0114', 'MK0025'),
('DS0337', 3, 4000, 'PS0114', 'MK0035'),
('DS0338', 3, 15000, 'PS0115', 'MK0007'),
('DS0339', 3, 30000, 'PS0115', 'MK0017'),
('DS0340', 2, 14000, 'PS0115', 'MK0027'),
('DS0341', 1, 20000, 'PS0116', 'MK0003'),
('DS0342', 1, 8000, 'PS0116', 'MK0013'),
('DS0343', 2, 7000, 'PS0116', 'MK0023'),
('DS0344', 2, 5000, 'PS0117', 'MK0004'),
('DS0345', 3, 15000, 'PS0118', 'MK0007'),
('DS0346', 4, 30000, 'PS0118', 'MK0017'),
('DS0347', 2, 14000, 'PS0118', 'MK0027'),
('DS0348', 2, 18000, 'PS0119', 'MK0008'),
('DS0349', 1, 12000, 'PS0119', 'MK0018'),
('DS0350', 2, 10000, 'PS0119', 'MK0028'),
('DS0351', 4, 25000, 'PS0120', 'MK0001'),
('DS0352', 4, 20000, 'PS0120', 'MK0011'),
('DS0353', 2, 35000, 'PS0120', 'MK0021'),
('DS0354', 3, 15000, 'PS0120', 'MK0031'),
('DS0355', 1, 5000, 'PS0121', 'MK0004'),
('DS0356', 2, 6000, 'PS0121', 'MK0014'),
('DS0357', 1, 12000, 'PS0121', 'MK0024'),
('DS0358', 1, 12000, 'PS0121', 'MK0034'),
('DS0359', 2, 10000, 'PS0122', 'MK0010'),
('DS0360', 2, 20000, 'PS0122', 'MK0020'),
('DS0361', 2, 8000, 'PS0122', 'MK0030'),
('DS0362', 1, 5000, 'PS0123', 'MK0004'),
('DS0363', 1, 6000, 'PS0123', 'MK0014'),
('DS0364', 1, 5000, 'PS0124', 'MK0004'),
('DS0365', 1, 6000, 'PS0124', 'MK0014'),
('DS0366', 2, 12000, 'PS0124', 'MK0024'),
('DS0367', 5, 18000, 'PS0125', 'MK0008'),
('DS0368', 6, 12000, 'PS0125', 'MK0018'),
('DS0369', 3, 10000, 'PS0125', 'MK0028'),
('DS0370', 2, 7000, 'PS0126', 'MK0005'),
('DS0371', 1, 4000, 'PS0126', 'MK0015'),
('DS0372', 2, 30000, 'PS0126', 'MK0025'),
('DS0373', 1, 4000, 'PS0126', 'MK0035'),
('DS0374', 1, 8000, 'PS0127', 'MK0006'),
('DS0375', 1, 7000, 'PS0127', 'MK0016'),
('DS0376', 1, 18000, 'PS0127', 'MK0026'),
('DS0377', 2, 5000, 'PS0127', 'MK0036'),
('DS0378', 2, 8000, 'PS0128', 'MK0006'),
('DS0379', 2, 7000, 'PS0128', 'MK0016'),
('DS0380', 2, 18000, 'PS0128', 'MK0026'),
('DS0381', 1, 5000, 'PS0128', 'MK0036'),
('DS0382', 3, 10000, 'PS0129', 'MK0010'),
('DS0383', 3, 20000, 'PS0129', 'MK0020'),
('DS0384', 2, 8000, 'PS0129', 'MK0030'),
('DS0385', 3, 18000, 'PS0130', 'MK0008'),
('DS0386', 4, 12000, 'PS0130', 'MK0018'),
('DS0387', 3, 10000, 'PS0130', 'MK0028'),
('DS0388', 3, 10000, 'PS0131', 'MK0010'),
('DS0389', 3, 20000, 'PS0131', 'MK0020'),
('DS0390', 3, 8000, 'PS0131', 'MK0030'),
('DS0391', 3, 15000, 'PS0132', 'MK0007'),
('DS0392', 2, 30000, 'PS0132', 'MK0017'),
('DS0393', 2, 14000, 'PS0132', 'MK0027'),
('DS0394', 2, 10000, 'PS0133', 'MK0010'),
('DS0395', 1, 20000, 'PS0133', 'MK0020'),
('DS0396', 1, 8000, 'PS0133', 'MK0030'),
('DS0397', 1, 8000, 'PS0134', 'MK0006'),
('DS0398', 1, 7000, 'PS0134', 'MK0016'),
('DS0399', 1, 18000, 'PS0134', 'MK0026'),
('DS0400', 1, 5000, 'PS0135', 'MK0004'),
('DS0401', 1, 6000, 'PS0135', 'MK0014'),
('DS0402', 1, 12000, 'PS0135', 'MK0024'),
('DS0403', 1, 5000, 'PS0136', 'MK0004'),
('DS0404', 2, 6000, 'PS0136', 'MK0014'),
('DS0405', 1, 12000, 'PS0136', 'MK0024'),
('DS0406', 5, 25000, 'PS0137', 'MK0001'),
('DS0407', 3, 20000, 'PS0137', 'MK0011'),
('DS0408', 2, 35000, 'PS0137', 'MK0021'),
('DS0409', 2, 15000, 'PS0137', 'MK0031'),
('DS0410', 4, 15000, 'PS0138', 'MK0007'),
('DS0411', 3, 30000, 'PS0138', 'MK0017'),
('DS0412', 4, 14000, 'PS0138', 'MK0027'),
('DS0413', 3, 20000, 'PS0139', 'MK0003'),
('DS0414', 1, 8000, 'PS0139', 'MK0013'),
('DS0415', 1, 7000, 'PS0139', 'MK0023'),
('DS0416', 2, 8000, 'PS0139', 'MK0033'),
('DS0417', 3, 7000, 'PS0140', 'MK0005'),
('DS0418', 3, 4000, 'PS0140', 'MK0015'),
('DS0419', 1, 30000, 'PS0140', 'MK0025'),
('DS0420', 1, 4000, 'PS0140', 'MK0035'),
('DS0421', 5, 10000, 'PS0141', 'MK0010'),
('DS0422', 2, 20000, 'PS0141', 'MK0020'),
('DS0423', 3, 8000, 'PS0141', 'MK0030'),
('DS0424', 2, 8000, 'PS0142', 'MK0006'),
('DS0425', 1, 7000, 'PS0142', 'MK0016'),
('DS0426', 3, 8000, 'PS0143', 'MK0006'),
('DS0427', 3, 7000, 'PS0143', 'MK0016'),
('DS0428', 2, 18000, 'PS0143', 'MK0026'),
('DS0429', 1, 5000, 'PS0143', 'MK0036'),
('DS0430', 4, 20000, 'PS0144', 'MK0003'),
('DS0431', 3, 8000, 'PS0144', 'MK0013'),
('DS0432', 1, 7000, 'PS0144', 'MK0023'),
('DS0433', 1, 8000, 'PS0144', 'MK0033'),
('DS0434', 2, 25000, 'PS0145', 'MK0001'),
('DS0435', 2, 20000, 'PS0145', 'MK0011'),
('DS0436', 1, 5000, 'PS0146', 'MK0004'),
('DS0437', 1, 6000, 'PS0146', 'MK0014'),
('DS0438', 2, 12000, 'PS0146', 'MK0024'),
('DS0439', 2, 15000, 'PS0147', 'MK0007'),
('DS0440', 1, 30000, 'PS0147', 'MK0017'),
('DS0441', 5, 8000, 'PS0148', 'MK0006'),
('DS0442', 2, 7000, 'PS0148', 'MK0016'),
('DS0443', 4, 18000, 'PS0148', 'MK0026'),
('DS0444', 4, 5000, 'PS0148', 'MK0036'),
('DS0445', 3, 12000, 'PS0149', 'MK0009'),
('DS0446', 4, 25000, 'PS0149', 'MK0019'),
('DS0447', 1, 15000, 'PS0149', 'MK0029'),
('DS0448', 2, 10000, 'PS0150', 'MK0010'),
('DS0449', 2, 20000, 'PS0150', 'MK0020'),
('DS0450', 4, 8000, 'PS0150', 'MK0030'),
('DS0451', 2, 20000, 'PS0151', 'MK0003'),
('DS0452', 3, 8000, 'PS0152', 'MK0006'),
('DS0453', 2, 7000, 'PS0152', 'MK0016'),
('DS0454', 1, 18000, 'PS0152', 'MK0026'),
('DS0455', 1, 5000, 'PS0152', 'MK0036'),
('DS0456', 3, 30000, 'PS0153', 'MK0002'),
('DS0457', 4, 3000, 'PS0153', 'MK0012'),
('DS0458', 2, 10000, 'PS0153', 'MK0022'),
('DS0459', 2, 10000, 'PS0153', 'MK0032'),
('DS0460', 2, 5000, 'PS0154', 'MK0004'),
('DS0461', 2, 6000, 'PS0154', 'MK0014'),
('DS0462', 1, 12000, 'PS0154', 'MK0024'),
('DS0463', 3, 15000, 'PS0155', 'MK0007'),
('DS0464', 2, 30000, 'PS0155', 'MK0017'),
('DS0465', 2, 14000, 'PS0155', 'MK0027'),
('DS0466', 2, 20000, 'PS0156', 'MK0003'),
('DS0467', 2, 8000, 'PS0156', 'MK0013'),
('DS0468', 2, 7000, 'PS0156', 'MK0023'),
('DS0469', 1, 5000, 'PS0157', 'MK0004'),
('DS0470', 2, 6000, 'PS0157', 'MK0014'),
('DS0471', 1, 12000, 'PS0157', 'MK0024'),
('DS0472', 1, 5000, 'PS0158', 'MK0004'),
('DS0473', 1, 6000, 'PS0158', 'MK0014'),
('DS0474', 2, 18000, 'PS0159', 'MK0008'),
('DS0475', 3, 12000, 'PS0159', 'MK0018'),
('DS0476', 1, 10000, 'PS0159', 'MK0028'),
('DS0477', 1, 10000, 'PS0160', 'MK0010'),
('DS0478', 1, 20000, 'PS0160', 'MK0020'),
('DS0479', 2, 20000, 'PS0161', 'MK0003'),
('DS0480', 3, 10000, 'PS0162', 'MK0010'),
('DS0481', 2, 20000, 'PS0162', 'MK0020'),
('DS0482', 1, 8000, 'PS0162', 'MK0030'),
('DS0483', 6, 18000, 'PS0163', 'MK0008'),
('DS0484', 4, 12000, 'PS0163', 'MK0018'),
('DS0485', 3, 10000, 'PS0163', 'MK0028'),
('DS0486', 3, 20000, 'PS0164', 'MK0003'),
('DS0487', 2, 8000, 'PS0164', 'MK0013'),
('DS0488', 2, 7000, 'PS0164', 'MK0023'),
('DS0489', 1, 8000, 'PS0164', 'MK0033'),
('DS0490', 5, 20000, 'PS0165', 'MK0003'),
('DS0491', 3, 8000, 'PS0165', 'MK0013'),
('DS0492', 3, 7000, 'PS0165', 'MK0023'),
('DS0493', 2, 8000, 'PS0165', 'MK0033'),
('DS0494', 4, 7000, 'PS0166', 'MK0005'),
('DS0495', 2, 4000, 'PS0166', 'MK0015'),
('DS0496', 2, 30000, 'PS0166', 'MK0025'),
('DS0497', 2, 4000, 'PS0166', 'MK0035'),
('DS0498', 2, 8000, 'PS0167', 'MK0006'),
('DS0499', 1, 7000, 'PS0167', 'MK0016'),
('DS0500', 2, 18000, 'PS0167', 'MK0026'),
('DS0501', 5, 20000, 'PS0168', 'MK0003'),
('DS0502', 2, 8000, 'PS0168', 'MK0013'),
('DS0503', 2, 7000, 'PS0168', 'MK0023'),
('DS0504', 3, 8000, 'PS0168', 'MK0033'),
('DS0505', 1, 15000, 'PS0169', 'MK0007'),
('DS0506', 2, 30000, 'PS0169', 'MK0017'),
('DS0507', 1, 14000, 'PS0169', 'MK0027'),
('DS0508', 3, 15000, 'PS0170', 'MK0007'),
('DS0509', 3, 30000, 'PS0170', 'MK0017'),
('DS0510', 2, 14000, 'PS0170', 'MK0027'),
('DS0511', 3, 25000, 'PS0171', 'MK0001'),
('DS0512', 3, 20000, 'PS0171', 'MK0011'),
('DS0513', 4, 35000, 'PS0171', 'MK0021'),
('DS0514', 2, 15000, 'PS0171', 'MK0031'),
('DS0515', 2, 18000, 'PS0172', 'MK0008'),
('DS0516', 2, 12000, 'PS0172', 'MK0018'),
('DS0517', 2, 10000, 'PS0172', 'MK0028'),
('DS0518', 2, 25000, 'PS0173', 'MK0001'),
('DS0519', 2, 20000, 'PS0173', 'MK0011'),
('DS0520', 1, 35000, 'PS0173', 'MK0021'),
('DS0521', 2, 15000, 'PS0173', 'MK0031'),
('DS0522', 2, 15000, 'PS0174', 'MK0007'),
('DS0523', 2, 30000, 'PS0174', 'MK0017'),
('DS0524', 1, 14000, 'PS0174', 'MK0027'),
('DS0525', 3, 8000, 'PS0175', 'MK0006'),
('DS0526', 3, 7000, 'PS0175', 'MK0016'),
('DS0527', 1, 18000, 'PS0175', 'MK0026'),
('DS0528', 2, 5000, 'PS0175', 'MK0036'),
('DS0529', 2, 15000, 'PS0176', 'MK0007'),
('DS0530', 4, 12000, 'PS0177', 'MK0009'),
('DS0531', 1, 25000, 'PS0177', 'MK0019'),
('DS0532', 2, 15000, 'PS0177', 'MK0029'),
('DS0533', 1, 8000, 'PS0178', 'MK0006'),
('DS0534', 1, 7000, 'PS0178', 'MK0016'),
('DS0535', 2, 18000, 'PS0178', 'MK0026'),
('DS0536', 1, 5000, 'PS0178', 'MK0036'),
('DS0537', 3, 25000, 'PS0179', 'MK0001'),
('DS0538', 2, 20000, 'PS0179', 'MK0011'),
('DS0539', 1, 35000, 'PS0179', 'MK0021'),
('DS0540', 1, 15000, 'PS0179', 'MK0031'),
('DS0541', 1, 8000, 'PS0180', 'MK0006'),
('DS0542', 2, 7000, 'PS0180', 'MK0016'),
('DS0543', 1, 18000, 'PS0180', 'MK0026'),
('DS0544', 1, 8000, 'PS0181', 'MK0006'),
('DS0545', 4, 12000, 'PS0182', 'MK0009'),
('DS0546', 3, 25000, 'PS0182', 'MK0019'),
('DS0547', 3, 15000, 'PS0182', 'MK0029');


INSERT INTO Detail_Peminjaman
(ID_dpm, Waktu_Kembali_dpm, Denda_Per_Hari_dpm, Peminjaman_ID_pm, Buku_ID_b)
VALUES
('DP0001', NULL, 2000, 'PM0001', 'B00402'),
('DP0002', NULL, 2000, 'PM0001', 'B00708'),
('DP0003', NULL, 2000, 'PM0001', 'B00713'),
('DP0004', NULL, 2000, 'PM0002', 'B00485'),
('DP0005', NULL, 2000, 'PM0002', 'B00789'),
('DP0006', NULL, 2000, 'PM0002', 'B00792'),
('DP0007', NULL, 2000, 'PM0003', 'B00180'),
('DP0008', NULL, 2000, 'PM0004', 'B00023'),
('DP0009', NULL, 2000, 'PM0004', 'B00458'),
('DP0010', NULL, 2000, 'PM0005', 'B00305'),
('DP0011', NULL, 2000, 'PM0005', 'B00398'),
('DP0012', NULL, 2000, 'PM0005', 'B00751'),
('DP0013', NULL, 2000, 'PM0006', 'B00265'),
('DP0014', NULL, 2000, 'PM0006', 'B00412'),
('DP0015', NULL, 2000, 'PM0006', 'B00490'),
('DP0016', NULL, 2000, 'PM0007', 'B00344'),
('DP0017', NULL, 2000, 'PM0007', 'B00541'),
('DP0018', NULL, 2000, 'PM0008', 'B00576'),
('DP0019', NULL, 2000, 'PM0009', 'B00001'),
('DP0020', NULL, 2000, 'PM0009', 'B00114'),
('DP0021', NULL, 2000, 'PM0009', 'B00656'),
('DP0022', NULL, 2000, 'PM0010', 'B00131'),
('DP0023', NULL, 2000, 'PM0010', 'B00220'),
('DP0024', NULL, 2000, 'PM0010', 'B00521'),
('DP0025', NULL, 2000, 'PM0011', 'B00626'),
('DP0026', NULL, 2000, 'PM0012', 'B00438'),
('DP0027', NULL, 2000, 'PM0013', 'B00704'),
('DP0028', NULL, 2000, 'PM0014', 'B00071'),
('DP0029', NULL, 2000, 'PM0014', 'B00255'),
('DP0030', NULL, 2000, 'PM0015', 'B00239'),
('DP0031', NULL, 2000, 'PM0015', 'B00556'),
('DP0032', NULL, 2000, 'PM0016', 'B00141'),
('DP0033', NULL, 2000, 'PM0016', 'B00581'),
('DP0034', NULL, 2000, 'PM0016', 'B00735'),
('DP0035', NULL, 2000, 'PM0017', 'B00185'),
('DP0036', NULL, 2000, 'PM0017', 'B00544'),
('DP0037', NULL, 2000, 'PM0018', 'B00130'),
('DP0038', NULL, 2000, 'PM0018', 'B00157'),
('DP0039', NULL, 2000, 'PM0018', 'B00489'),
('DP0040', NULL, 2000, 'PM0019', 'B00115'),
('DP0041', NULL, 2000, 'PM0020', 'B00731'),
('DP0042', NULL, 2000, 'PM0021', 'B00780'),
('DP0043', NULL, 2000, 'PM0022', 'B00189'),
('DP0044', NULL, 2000, 'PM0022', 'B00366'),
('DP0045', NULL, 2000, 'PM0022', 'B00615'),
('DP0046', NULL, 2000, 'PM0023', 'B00588'),
('DP0047', NULL, 2000, 'PM0024', 'B00149'),
('DP0048', NULL, 2000, 'PM0024', 'B00271'),
('DP0049', NULL, 2000, 'PM0025', 'B00087'),
('DP0050', NULL, 2000, 'PM0026', 'B00221'),
('DP0051', NULL, 2000, 'PM0026', 'B00466'),
('DP0052', NULL, 2000, 'PM0026', 'B00681'),
('DP0053', NULL, 2000, 'PM0027', 'B00052'),
('DP0054', NULL, 2000, 'PM0027', 'B00140'),
('DP0055', NULL, 2000, 'PM0028', 'B00649'),
('DP0056', NULL, 2000, 'PM0029', 'B00104'),
('DP0057', NULL, 2000, 'PM0029', 'B00152'),
('DP0058', NULL, 2000, 'PM0029', 'B00161'),
('DP0059', NULL, 2000, 'PM0030', 'B00166'),
('DP0060', NULL, 2000, 'PM0031', 'B00074'),
('DP0061', NULL, 2000, 'PM0031', 'B00128'),
('DP0062', NULL, 2000, 'PM0031', 'B00357'),
('DP0063', NULL, 2000, 'PM0032', 'B00182'),
('DP0064', NULL, 2000, 'PM0032', 'B00259'),
('DP0065', NULL, 2000, 'PM0032', 'B00672'),
('DP0066', NULL, 2000, 'PM0033', 'B00011'),
('DP0067', NULL, 2000, 'PM0033', 'B00534'),
('DP0068', NULL, 2000, 'PM0034', 'B00145'),
('DP0069', NULL, 2000, 'PM0034', 'B00199'),
('DP0070', NULL, 2000, 'PM0035', 'B00200'),
('DP0071', NULL, 2000, 'PM0035', 'B00309'),
('DP0072', NULL, 2000, 'PM0036', 'B00423'),
('DP0073', NULL, 2000, 'PM0037', 'B00447'),
('DP0074', NULL, 2000, 'PM0038', 'B00587'),
('DP0075', NULL, 2000, 'PM0039', 'B00315'),
('DP0076', NULL, 2000, 'PM0039', 'B00506'),
('DP0077', NULL, 2000, 'PM0039', 'B00606'),
('DP0078', NULL, 2000, 'PM0040', 'B00084'),
('DP0079', NULL, 2000, 'PM0040', 'B00137'),
('DP0080', NULL, 2000, 'PM0040', 'B00555'),
('DP0081', NULL, 2000, 'PM0041', 'B00400'),
('DP0082', NULL, 2000, 'PM0042', 'B00154'),
('DP0083', NULL, 2000, 'PM0043', 'B00113'),
('DP0084', NULL, 2000, 'PM0043', 'B00515'),
('DP0085', NULL, 2000, 'PM0044', 'B00147'),
('DP0086', NULL, 2000, 'PM0044', 'B00214'),
('DP0087', NULL, 2000, 'PM0044', 'B00523'),
('DP0088', NULL, 2000, 'PM0045', 'B00078'),
('DP0089', NULL, 2000, 'PM0045', 'B00286'),
('DP0090', NULL, 2000, 'PM0045', 'B00308'),
('DP0091', NULL, 2000, 'PM0046', 'B00422'),
('DP0092', NULL, 2000, 'PM0047', 'B00118'),
('DP0093', NULL, 2000, 'PM0047', 'B00585'),
('DP0094', NULL, 2000, 'PM0048', 'B00122'),
('DP0095', NULL, 2000, 'PM0048', 'B00162'),
('DP0096', NULL, 2000, 'PM0049', 'B00351'),
('DP0097', NULL, 2000, 'PM0049', 'B00418'),
('DP0098', NULL, 2000, 'PM0049', 'B00655'),
('DP0099', NULL, 2000, 'PM0050', 'B00266'),
('DP0100', NULL, 2000, 'PM0051', 'B00750'),
('DP0101', NULL, 2000, 'PM0052', 'B00015'),
('DP0102', NULL, 2000, 'PM0052', 'B00575'),
('DP0103', NULL, 2000, 'PM0053', 'B00100'),
('DP0104', NULL, 2000, 'PM0054', 'B00111'),
('DP0105', NULL, 2000, 'PM0054', 'B00168'),
('DP0106', NULL, 2000, 'PM0055', 'B00190'),
('DP0107', NULL, 2000, 'PM0055', 'B00554'),
('DP0108', NULL, 2000, 'PM0056', 'B00159'),
('DP0109', NULL, 2000, 'PM0056', 'B00478'),
('DP0110', NULL, 2000, 'PM0056', 'B00619'),
('DP0111', NULL, 2000, 'PM0057', 'B00310'),
('DP0112', NULL, 2000, 'PM0057', 'B00365'),
('DP0113', NULL, 2000, 'PM0057', 'B00612'),
('DP0114', NULL, 2000, 'PM0058', 'B00709'),
('DP0115', NULL, 2000, 'PM0059', 'B00146'),
('DP0116', NULL, 2000, 'PM0060', 'B00249'),
('DP0117', NULL, 2000, 'PM0060', 'B00610'),
('DP0118', NULL, 2000, 'PM0061', 'B00106'),
('DP0119', NULL, 2000, 'PM0062', 'B00623'),
('DP0120', NULL, 2000, 'PM0063', 'B00510'),
('DP0121', NULL, 2000, 'PM0063', 'B00668'),
('DP0122', NULL, 2000, 'PM0064', 'B00749'),
('DP0123', NULL, 2000, 'PM0065', 'B00323'),
('DP0124', NULL, 2000, 'PM0065', 'B00753'),
('DP0125', NULL, 2000, 'PM0066', 'B00618'),
('DP0126', NULL, 2000, 'PM0067', 'B00272'),
('DP0127', NULL, 2000, 'PM0068', 'B00026'),
('DP0128', NULL, 2000, 'PM0068', 'B00540'),
('DP0129', NULL, 2000, 'PM0069', 'B00134'),
('DP0130', NULL, 2000, 'PM0070', 'B00226'),
('DP0131', NULL, 2000, 'PM0070', 'B00574'),
('DP0132', NULL, 2000, 'PM0071', 'B00108'),
('DP0133', NULL, 2000, 'PM0071', 'B00349'),
('DP0134', NULL, 2000, 'PM0072', 'B00103'),
('DP0135', NULL, 2000, 'PM0072', 'B00176'),
('DP0136', NULL, 2000, 'PM0072', 'B00669'),
('DP0137', NULL, 2000, 'PM0073', 'B00337'),
('DP0138', NULL, 2000, 'PM0073', 'B00358'),
('DP0139', NULL, 2000, 'PM0073', 'B00756'),
('DP0140', NULL, 2000, 'PM0074', 'B00102'),
('DP0141', NULL, 2000, 'PM0074', 'B00172'),
('DP0142', NULL, 2000, 'PM0075', 'B00178'),
('DP0143', NULL, 2000, 'PM0076', 'B00317'),
('DP0144', NULL, 2000, 'PM0076', 'B00546'),
('DP0145', NULL, 2000, 'PM0076', 'B00694'),
('DP0146', NULL, 2000, 'PM0077', 'B00151'),
('DP0147', NULL, 2000, 'PM0077', 'B00613'),
('DP0148', NULL, 2000, 'PM0077', 'B00710'),
('DP0149', NULL, 2000, 'PM0078', 'B00133'),
('DP0150', NULL, 2000, 'PM0078', 'B00139'),
('DP0151', NULL, 2000, 'PM0078', 'B00670'),
('DP0152', NULL, 2000, 'PM0079', 'B00218'),
('DP0153', NULL, 2000, 'PM0079', 'B00707'),
('DP0154', NULL, 2000, 'PM0080', 'B00243'),
('DP0155', NULL, 2000, 'PM0080', 'B00586'),
('DP0156', NULL, 2000, 'PM0080', 'B00752'),
('DP0157', NULL, 2000, 'PM0081', 'B00170'),
('DP0158', NULL, 2000, 'PM0082', 'B00095'),
('DP0159', NULL, 2000, 'PM0083', 'B00234'),
('DP0160', NULL, 2000, 'PM0083', 'B00457'),
('DP0161', NULL, 2000, 'PM0084', 'B00173'),
('DP0162', NULL, 2000, 'PM0084', 'B00187'),
('DP0163', NULL, 2000, 'PM0084', 'B00231'),
('DP0164', '2026-06-01', 2000, 'PM0085', 'B00495'),
('DP0165', '2026-06-01', 2000, 'PM0086', 'B00635'),
('DP0166', '2026-06-01', 2000, 'PM0087', 'B00699'),
('DP0167', '2026-06-01', 2000, 'PM0088', 'B00404'),
('DP0168', '2026-06-01', 2000, 'PM0088', 'B00730'),
('DP0169', '2026-05-30', 2000, 'PM0089', 'B00360'),
('DP0170', '2026-05-30', 2000, 'PM0089', 'B00444'),
('DP0171', '2026-05-30', 2000, 'PM0089', 'B00535'),
('DP0172', '2026-06-01', 2000, 'PM0090', 'B00065'),
('DP0173', '2026-06-01', 2000, 'PM0090', 'B00318'),
('DP0174', '2026-06-01', 2000, 'PM0090', 'B00388'),
('DP0175', '2026-05-30', 2000, 'PM0091', 'B00206'),
('DP0176', '2026-05-30', 2000, 'PM0092', 'B00329'),
('DP0177', '2026-06-01', 2000, 'PM0093', 'B00013'),
('DP0178', '2026-06-01', 2000, 'PM0093', 'B00547'),
('DP0179', '2026-06-01', 2000, 'PM0094', 'B00267'),
('DP0180', '2026-06-01', 2000, 'PM0094', 'B00595'),
('DP0181', '2026-06-01', 2000, 'PM0095', 'B00301'),
('DP0182', '2026-06-01', 2000, 'PM0095', 'B00347'),
('DP0183', '2026-06-01', 2000, 'PM0095', 'B00748'),
('DP0184', '2026-06-01', 2000, 'PM0096', 'B00767'),
('DP0185', '2026-06-01', 2000, 'PM0096', 'B00771'),
('DP0186', '2026-05-30', 2000, 'PM0097', 'B00346'),
('DP0187', '2026-06-01', 2000, 'PM0098', 'B00312'),
('DP0188', '2026-05-30', 2000, 'PM0099', 'B00482'),
('DP0189', '2026-05-30', 2000, 'PM0099', 'B00564'),
('DP0190', '2026-05-30', 2000, 'PM0100', 'B00738'),
('DP0191', '2026-05-30', 2000, 'PM0100', 'B00763'),
('DP0192', '2026-05-30', 2000, 'PM0101', 'B00123'),
('DP0193', '2026-05-30', 2000, 'PM0101', 'B00288'),
('DP0194', '2026-05-30', 2000, 'PM0101', 'B00518'),
('DP0195', '2026-06-01', 2000, 'PM0102', 'B00093'),
('DP0196', '2026-06-01', 2000, 'PM0102', 'B00244'),
('DP0197', '2026-06-01', 2000, 'PM0102', 'B00326'),
('DP0198', '2026-05-29', 2000, 'PM0103', 'B00254'),
('DP0199', '2026-05-29', 2000, 'PM0103', 'B00415'),
('DP0200', '2026-06-01', 2000, 'PM0104', 'B00039'),
('DP0201', '2026-06-01', 2000, 'PM0104', 'B00294'),
('DP0202', '2026-06-01', 2000, 'PM0104', 'B00733'),
('DP0203', '2026-05-29', 2000, 'PM0105', 'B00425'),
('DP0204', '2026-05-29', 2000, 'PM0105', 'B00502'),
('DP0205', '2026-05-30', 2000, 'PM0106', 'B00578'),
('DP0206', '2026-05-30', 2000, 'PM0107', 'B00452'),
('DP0207', '2026-05-29', 2000, 'PM0108', 'B00007'),
('DP0208', '2026-05-29', 2000, 'PM0108', 'B00658'),
('DP0209', '2026-05-30', 2000, 'PM0109', 'B00316'),
('DP0210', '2026-06-01', 2000, 'PM0110', 'B00375'),
('DP0211', '2026-06-01', 2000, 'PM0110', 'B00417'),
('DP0212', '2026-06-01', 2000, 'PM0110', 'B00450'),
('DP0213', '2026-05-30', 2000, 'PM0111', 'B00384'),
('DP0214', '2026-05-30', 2000, 'PM0111', 'B00612'),
('DP0215', '2026-05-30', 2000, 'PM0111', 'B00663'),
('DP0216', '2026-05-29', 2000, 'PM0112', 'B00543'),
('DP0217', '2026-05-29', 2000, 'PM0113', 'B00766'),
('DP0218', '2026-05-29', 2000, 'PM0114', 'B00207'),
('DP0219', '2026-05-29', 2000, 'PM0114', 'B00677'),
('DP0220', '2026-05-29', 2000, 'PM0114', 'B00714'),
('DP0221', '2026-05-29', 2000, 'PM0115', 'B00242'),
('DP0222', '2026-05-29', 2000, 'PM0115', 'B00251'),
('DP0223', '2026-05-29', 2000, 'PM0116', 'B00105'),
('DP0224', '2026-05-29', 2000, 'PM0116', 'B00472'),
('DP0225', '2026-05-29', 2000, 'PM0117', 'B00350'),
('DP0226', '2026-05-29', 2000, 'PM0118', 'B00110'),
('DP0227', '2026-05-29', 2000, 'PM0118', 'B00788'),
('DP0228', '2026-05-29', 2000, 'PM0119', 'B00367'),
('DP0229', '2026-05-29', 2000, 'PM0119', 'B00545'),
('DP0230', '2026-05-29', 2000, 'PM0119', 'B00617'),
('DP0231', '2026-05-29', 2000, 'PM0120', 'B00080'),
('DP0232', '2026-05-29', 2000, 'PM0121', 'B00232'),
('DP0233', '2026-05-29', 2000, 'PM0121', 'B00603'),
('DP0234', '2026-05-29', 2000, 'PM0122', 'B00021'),
('DP0235', '2026-05-29', 2000, 'PM0122', 'B00488'),
('DP0236', '2026-05-29', 2000, 'PM0122', 'B00700'),
('DP0237', '2026-05-29', 2000, 'PM0123', 'B00728'),
('DP0238', '2026-05-29', 2000, 'PM0123', 'B00765'),
('DP0239', '2026-05-29', 2000, 'PM0124', 'B00320'),
('DP0240', '2026-05-29', 2000, 'PM0124', 'B00655'),
('DP0241', '2026-05-29', 2000, 'PM0125', 'B00188');
